{
  "timestamp": "2026-02-28T12:13:29.596Z",
  "ethPrice": 1865.96,
  "feeCampaigns": [
    {
      "address": "0x28eda7a7e67da27d5e52f763ce9bfd6fdb31a745",
      "ic": "0xfdf8c86f228a6b0c115ab9cf5c5b2f85b8778f0c",
      "title": "RALLY BETA IS LIVE , SAY IT LOUD",
      "creator": "rallyonchain",
      "participants": 277,
      "rallyUsers": 277,
      "revenueEth": 0.18364779526410085,
      "revenueUsd": 342.6794400510016,
      "failedTxs": 11,
      "failedUsd": 13.181338042412072,
      "avgScore": 1.314928057553956,
      "approved": 278,
      "rejected": 0,
      "approvalRate": 0.9619377162629758,
      "prize": "1,000 USDC",
      "remainDays": 9,
      "isEnded": false,
      "ghostWallets": 0,
      "dailyRate": 187.17995831703115,
      "projectedRevenue": 2058.9795414873424,
      "newParticipants": 2,
      "newRevenueUsd": 342.6794400510016
    },
    {
      "address": "0xa631c00ed87ed042eedd8bc2b34edd2798e64699",
      "ic": "0xd7cd88650ec7366664c0ee235bfc841408d29efa",
      "title": "Argumentation Markets Are the Next Primitive",
      "creator": "arguedotfun",
      "participants": 171,
      "rallyUsers": 158,
      "revenueEth": 0.17663557731469745,
      "revenueUsd": 329.5949218461329,
      "failedTxs": 15,
      "failedUsd": 18.075218379977326,
      "avgScore": 1.349030837004406,
      "approved": 227,
      "rejected": 0,
      "approvalRate": 0.822463768115942,
      "prize": "450,000,000 ARGUE",
      "remainDays": 23,
      "isEnded": false,
      "ghostWallets": 13,
      "dailyRate": 181.3721507180016,
      "projectedRevenue": 4352.931617232038,
      "newParticipants": 0,
      "newRevenueUsd": 329.5949218461329
    },
    {
      "address": "0x3618a1ef4ecc8041655418042c7951ad7cdbdbb4",
      "ic": "0x3ff8239acd75ad0da013ca52eaab535027bd7380",
      "title": "Grvt 2.5",
      "creator": "grvt_io",
      "participants": 193,
      "rallyUsers": 128,
      "revenueEth": 0.1478515209549389,
      "revenueUsd": 275.88502404107777,
      "failedTxs": 12,
      "failedUsd": 14.217808944250102,
      "avgScore": 2.167265625000001,
      "approved": 128,
      "rejected": 0,
      "approvalRate": 0.5541125541125541,
      "prize": "5,000 USDT",
      "remainDays": 13,
      "isEnded": false,
      "ghostWallets": 65,
      "dailyRate": 160.73066367646982,
      "projectedRevenue": 2250.2292914705777,
      "newParticipants": 2,
      "newRevenueUsd": 275.88502404107777
    },
    {
      "address": "0xb4c98221395ebb07e86498b827fc2866d58d4b7d",
      "ic": "0xaf5a5b459f4371c1781e3b8456214cdd063eeba7",
      "title": "Code Runs, Disputes Don't. Enter Internet Court",
      "creator": "genlayer",
      "participants": 60,
      "rallyUsers": 59,
      "revenueEth": 0.041628472594554766,
      "revenueUsd": 77.67706472253542,
      "failedTxs": 2,
      "failedUsd": 2.444316705104111,
      "avgScore": 1.062090395480226,
      "approved": 59,
      "rejected": 0,
      "approvalRate": 0.9365079365079365,
      "prize": "1,000 USDC",
      "remainDays": 24,
      "isEnded": false,
      "ghostWallets": 1,
      "dailyRate": 106.91773324262209,
      "projectedRevenue": 2566.02559782293,
      "newParticipants": 3,
      "newRevenueUsd": 77.67706472253542
    },
    {
      "address": "0x6134c8f8ba6d9dff558fa937daaab559543fde04",
      "ic": "0x9ed594c010a2516312f4db64b500b2aa31d127cf",
      "title": "0x6134…de04",
      "creator": null,
      "participants": 3,
      "rallyUsers": 0,
      "revenueEth": 0.002484296382055222,
      "revenueUsd": 4.635597677059763,
      "failedTxs": 0,
      "failedUsd": 0,
      "avgScore": 0,
      "approved": 0,
      "rejected": 0,
      "approvalRate": null,
      "prize": null,
      "remainDays": null,
      "isEnded": null,
      "ghostWallets": 3,
      "dailyRate": 2.517403974486648,
      "projectedRevenue": null,
      "newParticipants": 0,
      "newRevenueUsd": 4.635597677059763
    },
    {
      "address": "0xb071c021203849b19bb067300af36f57f6062671",
      "ic": "0x901297c69e1c211f2d31370578b40c8e8f9bd09e",
      "title": "argue.fun",
      "creator": "arguedotfun",
      "participants": 1,
      "rallyUsers": 1,
      "revenueEth": 0.000657271749817161,
      "revenueUsd": 1.2264427942888299,
      "failedTxs": 0,
      "failedUsd": 0,
      "avgScore": 0.5333333333333333,
      "approved": 1,
      "rejected": 0,
      "approvalRate": 1,
      "prize": "450,000,000 ARGUE",
      "remainDays": 71,
      "isEnded": false,
      "ghostWallets": 0,
      "dailyRate": 2.2014203944481707,
      "projectedRevenue": 158.5022684002683,
      "newParticipants": 0,
      "newRevenueUsd": 1.2264427942888299
    },
    {
      "address": "0xf3020fd6b86d98129fe1dd1a81943c736739c64a",
      "ic": "0x792946b568ded6ea340605ff44b6e9e497a93d6a",
      "title": "0xf302…c64a",
      "creator": null,
      "participants": 1,
      "rallyUsers": 0,
      "revenueEth": 0.000609720899043859,
      "revenueUsd": 1.1377148087798792,
      "failedTxs": 0,
      "failedUsd": 0,
      "avgScore": 0,
      "approved": 0,
      "rejected": 0,
      "approvalRate": null,
      "prize": null,
      "remainDays": null,
      "isEnded": null,
      "ghostWallets": 1,
      "dailyRate": 0.5801355483176989,
      "projectedRevenue": null,
      "newParticipants": 0,
      "newRevenueUsd": 1.1377148087798792
    },
    {
      "address": "0x882a9993c1f747fd6d38d15f2377a9a9706410e2",
      "ic": null,
      "title": "0x882a…10e2",
      "creator": null,
      "participants": 0,
      "rallyUsers": 0,
      "revenueEth": 0,
      "revenueUsd": 0,
      "failedTxs": 0,
      "failedUsd": 0,
      "avgScore": 0,
      "approved": 0,
      "rejected": 0,
      "approvalRate": null,
      "prize": null,
      "remainDays": null,
      "isEnded": null,
      "ghostWallets": 0,
      "dailyRate": null,
      "projectedRevenue": null,
      "newParticipants": 0,
      "newRevenueUsd": 0
    },
    {
      "address": "0x6388eede5c5affba5dfacc2ef8faa50a25259406",
      "ic": null,
      "title": "0x6388…9406",
      "creator": null,
      "participants": 0,
      "rallyUsers": 0,
      "revenueEth": 0,
      "revenueUsd": 0,
      "failedTxs": 0,
      "failedUsd": 0,
      "avgScore": 0,
      "approved": 0,
      "rejected": 0,
      "approvalRate": null,
      "prize": null,
      "remainDays": null,
      "isEnded": null,
      "ghostWallets": 0,
      "dailyRate": null,
      "projectedRevenue": null,
      "newParticipants": 0,
      "newRevenueUsd": 0
    },
    {
      "address": "0x91abf60462b771330457abc14c8085ae5d2b1788",
      "ic": null,
      "title": "0x91ab…1788",
      "creator": null,
      "participants": 0,
      "rallyUsers": 0,
      "revenueEth": 0,
      "revenueUsd": 0,
      "failedTxs": 0,
      "failedUsd": 0,
      "avgScore": 0,
      "approved": 0,
      "rejected": 0,
      "approvalRate": null,
      "prize": null,
      "remainDays": null,
      "isEnded": null,
      "ghostWallets": 0,
      "dailyRate": null,
      "projectedRevenue": null,
      "newParticipants": 0,
      "newRevenueUsd": 0
    },
    {
      "address": "0x2f0271f07781b844ad10cf749fba7c5b1c442de7",
      "ic": "0xad73b7b5b4b18038d6a46e0c5d55343dc3be96b1",
      "title": "0x2f02…2de7",
      "creator": null,
      "participants": 0,
      "rallyUsers": 0,
      "revenueEth": 0,
      "revenueUsd": 0,
      "failedTxs": 0,
      "failedUsd": 0,
      "avgScore": 0,
      "approved": 0,
      "rejected": 0,
      "approvalRate": null,
      "prize": null,
      "remainDays": null,
      "isEnded": null,
      "ghostWallets": 0,
      "dailyRate": null,
      "projectedRevenue": null,
      "newParticipants": 0,
      "newRevenueUsd": 0
    }
  ],
  "freeCampaigns": [
    {
      "title": "Grvt 2.5",
      "creator": "grvt_io",
      "remainDays": 13
    },
    {
      "title": "Code Runs, Disputes Don't. Enter Internet Court",
      "creator": "genlayer",