{
  "timestamp": "2026-03-27T07:15:55.801Z",
  "ethPrice": 2059.38,
  "feeCampaigns": [
    {
      "address": "0xb2a82ae1f05fc293b2ecc1f288a77138f0c123f7",
      "chain": "zksync",
      "ic": "0x67b1c3288ce37f63b9c86ee4e0f5dd64f8c19377",
      "title": "The Bank Stack of Ethereum: Combining Institutional Privacy ",
      "creator": "zksync",
      "participants": 347,
      "rallyUsers": 337,
      "revenueEth": 0.7280312486741406,
      "revenueUsd": 1499.2929928945518,
      "failedTxs": 30,
      "failedUsd": 37.93572908059603,
      "avgScore": 0.6297076552139889,
      "approved": 1182,
      "rejected": 0,
      "approvalRate": 0.933649289099526,
      "prize": "126,755 ZK",
      "remainDays": 0,
      "isEnded": true,
      "ghostWallets": 10,
      "dailyRate": 60.31804872180375,
      "projectedRevenue": 844.4526821052525,
      "newParticipants": 0,
      "newRevenueUsd": 0
    },
    {
      "address": "0xc8d22bd966dafce700c8b38815deab767c37ebc1",
      "chain": "base",
      "ic": "0x5b303819b946f464d275b25552f8c9fd3f7029d8",
      "title": "Grvt Momentum",
      "creator": "grvt_io",
      "participants": 444,
      "rallyUsers": 461,
      "revenueEth": 0.5489594672517893,
      "revenueUsd": 1130.51614766899,
      "failedTxs": 59,
      "failedUsd": 70.95749180753334,
      "avgScore": 1.0194094488189,
      "approved": 1016,
      "rejected": 0,
      "approvalRate": 1.0808510638297872,
      "prize": "5,000 USDT",
      "remainDays": 3,
      "isEnded": false,
      "ghostWallets": 0,
      "dailyRate": 105.09867436760442,
      "projectedRevenue": 1471.3814411464618,
      "newParticipants": 1,
      "newRevenueUsd": 0.9440978721797769
    },
    {
      "address": "0x3618a1ef4ecc8041655418042c7951ad7cdbdbb4",
      "chain": "base",
      "ic": "0x3ff8239acd75ad0da013ca52eaab535027bd7380",
      "title": "Grvt 2.5",
      "creator": "grvt_io",
      "participants": 457,
      "rallyUsers": 620,
      "revenueEth": 0.34825179111630916,
      "revenueUsd": 717.1827735891048,
      "failedTxs": 29,
      "failedUsd": 37.424185682175775,
      "avgScore": 2.1370161290322622,
      "approved": 620,
      "rejected": 0,
      "approvalRate": 1.1272727272727272,
      "prize": "5,000 USDT",
      "remainDays": 0,
      "isEnded": true,
      "ghostWallets": 0,
      "dailyRate": 25.157749737660538,
      "projectedRevenue": 352.20849632724753,
      "newParticipants": 0,
      "newRevenueUsd": 0
    },
    {
      "address": "0x28eda7a7e67da27d5e52f763ce9bfd6fdb31a745",
      "chain": "base",
      "ic": "0xfdf8c86f228a6b0c115ab9cf5c5b2f85b8778f0c",
      "title": "RALLY BETA IS LIVE , SAY IT LOUD",
      "creator": "rallyonchain",
      "participants": 513,
      "rallyUsers": 548,
      "revenueEth": 0.3409212910456583,
      "revenueUsd": 702.0864883536079,
      "failedTxs": 19,
      "failedUsd": 24.886565484991284,
      "avgScore": 1.3337757575757596,
      "approved": 550,
      "rejected": 0,
      "approvalRate": 1.0223048327137547,
      "prize": "1,000 USDC",
      "remainDays": 0,
      "isEnded": true,
      "ghostWallets": 0,
      "dailyRate": 24.529836864920277,
      "projectedRevenue": 269.82820551412306,
      "newParticipants": 0,
      "newRevenueUsd": 0
    },
    {
      "address": "0xba48dab75c908a1a8c23a83491bf677c46536844",
      "chain": "base",
      "ic": "0xfee8b7ea0b4976ac1014980be300f6efbda2b481",
      "title": "Fragments",
      "creator": "fragmentsorg",
      "participants": 404,
      "rallyUsers": 482,
      "revenueEth": 0.3048678808038033,
      "revenueUsd": 627.8388163697365,
      "failedTxs": 47,
      "failedUsd": 54.84525709841353,
      "avgScore": 2.282744186046521,
      "approved": 667,
      "rejected": 0,
      "approvalRate": 1.232902033271719,
      "prize": "5,000 USDC",
      "remainDays": 4,
      "isEnded": false,
      "ghostWallets": 0,
      "dailyRate": 25.535360192667458,
      "projectedRevenue": 714.9900853946888,
      "newParticipants": 0,
      "newRevenueUsd": 0.31488634379416375
    },
    {
      "address": "0xb4c98221395ebb07e86498b827fc2866d58d4b7d",
      "chain": "base",
      "ic": "0xaf5a5b459f4371c1781e3b8456214cdd063eeba7",
      "title": "Code Runs, Disputes Don't. Enter Internet Court",
      "creator": "genlayer",
      "participants": 473,
      "rallyUsers": 547,
      "revenueEth": 0.2983618401787744,
      "revenueUsd": 614.4404064273645,
      "failedTxs": 36,
      "failedUsd": 44.85604447870683,
      "avgScore": 1.08661791590494,
      "approved": 547,
      "rejected": 0,
      "approvalRate": 1.1232032854209446,
      "prize": "1,000 USDC",
      "remainDays": 0,
      "isEnded": true,
      "ghostWallets": 0,
      "dailyRate": 22.32907906047138,
      "projectedRevenue": 535.8978974513132,
      "newParticipants": 0,
      "newRevenueUsd": 0
    },
    {
      "address": "0x580bb20ac1b32ca6ad547a3cebb727df2cf4f5dd",
      "chain": "base",
      "ic": "0x34c19f6725a684b3e298c711ea6b32a0b6093e9a",
      "title": "BOTCHA: Prove You're Not a Human",
      "creator": "genlayer",
      "participants": 455,
      "rallyUsers": 523,
      "revenueEth": 0.2949213876399466,
      "revenueUsd": 607.3552072779532,
      "failedTxs": 18,
      "failedUsd": 22.833142836573828,
      "avgScore": 0.7091300191204631,
      "approved": 555,
      "rejected": 0,
      "approvalRate": 1.0925196850393701,
      "prize": "1,000 USDC",
      "remainDays": 0,
      "isEnded": true,
      "ghostWallets": 0,
      "dailyRate": 22.95541955998772,
      "projectedRevenue": 550.9300694397053,
      "newParticipants": 0,
      "newRevenueUsd": 0
    },
    {
      "address": "0xa631c00ed87ed042eedd8bc2b34edd2798e64699",
      "chain": "base",
      "ic": "0xd7cd88650ec7366664c0ee235bfc841408d29efa",
      "title": "Argumentation Markets Are the Next Primitive",
      "creator": "arguedotfun",
      "participants": 226,
      "rallyUsers": 586,
      "revenueEth": 0.24672965226935076,
      "revenueUsd": 508.11011129045556,
      "failedTxs": 28,
      "failedUsd": 31.640942850968823,
      "avgScore": 1.3539407407407504,
      "approved": 1451,
      "rejected": 0,
      "approvalRate": 3.0355648535564854,
      "prize": "450,000,000 ARGUE",
      "remainDays": 0,
      "isEnded": true,
      "ghostWallets": 0,
      "dailyRate": 24.180101976702584,
      "projectedRevenue": 580.322447440862,
      "newParticipants": 0,
      "newRevenueUsd": 0
    },
    {
      "address": "0xe9f3778b407e316074484bacf35c17f2a5058da9",
      "chain": "base",
      "ic": "0xb98feb296b811443ab9f845ad22105b8f8cc1d7e",
      "title": "Share, Refer, Earn Forever",
      "creator": "rallyonchain",
      "participants": 270,
      "rallyUsers": 296,
      "revenueEth": 0.17655897837622103,
      "revenueUsd": 363.60202888842207,
      "failedTxs": 22,
      "failedUsd": 28.629417074608185,
      "avgScore": 0.8033108108108122,
      "approved": 296,
      "rejected": 0,
      "approvalRate": 1.03859649122807,
      "prize": "50,000 RLP",
      "remainDays": 1,
      "isEnded": false,
      "ghostWallets": 0,
      "dailyRate": 13.213472836310267,
      "projectedRevenue": 369.97723941668744,
      "newParticipants": 1,
      "newRevenueUsd": 1.2586640459945826
    },
    {
      "address": "0x24bf56468e098b0bb792039c5b9f87de8cc2268f",
      "chain": "base",
      "ic": "0x995ccf676c0b8e64b53ff0a0dccf7e39241e3c87",
      "title": "The Rally Joke Contest",
      "creator": "rallyonchain",
      "participants": 212,
      "rallyUsers": 239,
      "revenueEth": 0.14241888321369767,
      "revenueUsd": 293.29459971262474,
      "failedTxs": 11,
      "failedUsd": 14.223278441727723,
      "avgScore": 1.341004184100417,
      "approved": 239,
      "rejected": 0,
      "approvalRate": 1.0482456140350878,
      "prize": "252.972 USDC",
      "remainDays": 0,
      "isEnded": true,
      "ghostWallets": 0,
      "dailyRate": 13.663720912789556,
      "projectedRevenue": 27.32744182557911,