{
  "timestamp": "2026-03-03T11:38:25.036Z",
  "ethPrice": 1957.78,
  "feeCampaigns": [
    {
      "address": "0xa631c00ed87ed042eedd8bc2b34edd2798e64699",
      "chain": "base",
      "ic": "0xd7cd88650ec7366664c0ee235bfc841408d29efa",
      "title": "Argumentation Markets Are the Next Primitive",
      "creator": "arguedotfun",
      "participants": 256,
      "rallyUsers": 239,
      "revenueEth": 0.3101127996464857,
      "revenueUsd": 607.1326368918967,
      "failedTxs": 28,
      "failedUsd": 35.379031660636194,
      "avgScore": 1.3516072842438684,
      "approved": 421,
      "rejected": 0,
      "approvalRate": 0.8698347107438017,
      "prize": "450,000,000 ARGUE",
      "remainDays": 20,
      "isEnded": false,
      "ghostWallets": 17,
      "dailyRate": 126.68865840271003,
      "projectedRevenue": 3040.527801665041,
      "newParticipants": 0,
      "newRevenueUsd": 0
    },
    {
      "address": "0x28eda7a7e67da27d5e52f763ce9bfd6fdb31a745",
      "chain": "base",
      "ic": "0xfdf8c86f228a6b0c115ab9cf5c5b2f85b8778f0c",
      "title": "RALLY BETA IS LIVE , SAY IT LOUD",
      "creator": "rallyonchain",
      "participants": 393,
      "rallyUsers": 399,
      "revenueEth": 0.26230697392023267,
      "revenueUsd": 513.5393474015531,
      "failedTxs": 16,
      "failedUsd": 20.101773682867012,
      "avgScore": 1.325261845386534,
      "approved": 401,
      "rejected": 0,
      "approvalRate": 0.975669099756691,
      "prize": "1,000 USDC",
      "remainDays": 6,
      "isEnded": false,
      "ghostWallets": 0,
      "dailyRate": 106.85737922376725,
      "projectedRevenue": 1175.4311714614398,
      "newParticipants": 0,
      "newRevenueUsd": 0
    },
    {
      "address": "0x3618a1ef4ecc8041655418042c7951ad7cdbdbb4",
      "chain": "base",
      "ic": "0x3ff8239acd75ad0da013ca52eaab535027bd7380",
      "title": "Grvt 2.5",
      "creator": "grvt_io",
      "participants": 291,
      "rallyUsers": 224,
      "revenueEth": 0.2342824148369325,
      "revenueUsd": 458.6734261194497,
      "failedTxs": 20,
      "failedUsd": 25.06952210440495,
      "avgScore": 2.1392410714285774,
      "approved": 224,
      "rejected": 0,
      "approvalRate": 0.6136986301369863,
      "prize": "5,000 USDT",
      "remainDays": 10,
      "isEnded": false,
      "ghostWallets": 67,
      "dailyRate": 97.76620875570241,
      "projectedRevenue": 1368.7269225798336,
      "newParticipants": 0,
      "newRevenueUsd": 0
    },
    {
      "address": "0xb4c98221395ebb07e86498b827fc2866d58d4b7d",
      "chain": "base",
      "ic": "0xaf5a5b459f4371c1781e3b8456214cdd063eeba7",
      "title": "Code Runs, Disputes Don't. Enter Internet Court",
      "creator": "genlayer",
      "participants": 132,
      "rallyUsers": 137,
      "revenueEth": 0.0880902763688905,
      "revenueUsd": 172.46138126948642,
      "failedTxs": 8,
      "failedUsd": 10.011604168495131,
      "avgScore": 1.0544768856447686,
      "approved": 137,
      "rejected": 0,
      "approvalRate": 1.0148148148148148,
      "prize": "1,000 USDC",
      "remainDays": 21,
      "isEnded": false,
      "ghostWallets": 0,
      "dailyRate": 46.591001834148635,
      "projectedRevenue": 1118.1840440195672,
      "newParticipants": 0,
      "newRevenueUsd": 0
    },
    {
      "address": "0x580bb20ac1b32ca6ad547a3cebb727df2cf4f5dd",
      "chain": "base",
      "ic": "0x34c19f6725a684b3e298c711ea6b32a0b6093e9a",
      "title": "BOTCHA: Prove You're Not a Human",
      "creator": "genlayer",
      "participants": 83,
      "rallyUsers": 84,
      "revenueEth": 0.05541833332027882,
      "revenueUsd": 108.49690460777546,
      "failedTxs": 7,
      "failedUsd": 8.766024791498506,
      "avgScore": 0.7142857142857144,
      "approved": 84,
      "rejected": 0,
      "approvalRate": 0.9655172413793104,
      "prize": "1,000 USDC",
      "remainDays": 22,
      "isEnded": false,
      "ghostWallets": 0,
      "dailyRate": 41.06410061506749,
      "projectedRevenue": 985.5384147616197,
      "newParticipants": 0,
      "newRevenueUsd": 0
    },
    {
      "address": "0xba48dab75c908a1a8c23a83491bf677c46536844",
      "chain": "base",
      "ic": "0xfee8b7ea0b4976ac1014980be300f6efbda2b481",
      "title": "Fragments",
      "creator": "fragmentsorg",
      "participants": 8,
      "rallyUsers": 18,
      "revenueEth": 0.004942752352231615,
      "revenueUsd": 9.676821700152011,
      "failedTxs": 2,
      "failedUsd": 2.4225135532288724,
      "avgScore": 2.1100000000000003,
      "approved": 18,
      "rejected": 0,
      "approvalRate": 2.25,
      "prize": "5,000 USDC",
      "remainDays": 28,
      "isEnded": false,
      "ghostWallets": 0,
      "dailyRate": 12.548725483349251,
      "projectedRevenue": 351.36431353377907,
      "newParticipants": 8,
      "newRevenueUsd": 9.676821700152011
    },
    {
      "address": "0x6134c8f8ba6d9dff558fa937daaab559543fde04",
      "chain": "base",
      "ic": "0x9ed594c010a2516312f4db64b500b2aa31d127cf",
      "title": "0x6134…de04",
      "creator": null,
      "participants": 3,
      "rallyUsers": 3,
      "revenueEth": 0.002484296382055222,
      "revenueUsd": 4.863705770860073,
      "failedTxs": 0,
      "failedUsd": 0,
      "avgScore": 0,
      "approved": 4,
      "rejected": 0,
      "approvalRate": 1,
      "prize": null,
      "remainDays": null,
      "isEnded": null,
      "ghostWallets": 0,
      "dailyRate": 1.0097987122517749,
      "projectedRevenue": null,
      "newParticipants": 0,
      "newRevenueUsd": 0
    },
    {
      "address": "0x19f310fb027ae264e4f1b5116beb995462a045e1",
      "chain": "base",
      "ic": "0x1d68b125ae0d60f3d57fe0b320c674788cb8056a",
      "title": "MergeProof: Ship With Confidence",
      "creator": "genlayer",
      "participants": 4,
      "rallyUsers": 13,
      "revenueEth": 0.002472074622248665,
      "revenueUsd": 4.839778253945991,
      "failedTxs": 0,
      "failedUsd": 0,
      "avgScore": 0.6009523809523809,
      "approved": 14,
      "rejected": 0,
      "approvalRate": 3.5,
      "prize": "1,000 USDC",
      "remainDays": 28,
      "isEnded": false,
      "ghostWallets": 0,
      "dailyRate": 6.380520399042702,
      "projectedRevenue": 178.65457117319565,
      "newParticipants": 4,
      "newRevenueUsd": 4.839778253945991
    },
    {
      "address": "0xb071c021203849b19bb067300af36f57f6062671",
      "chain": "base",
      "ic": "0x901297c69e1c211f2d31370578b40c8e8f9bd09e",
      "title": "argue.fun",
      "creator": "arguedotfun",
      "participants": 2,
      "rallyUsers": 3,
      "revenueEth": 0.001302689941035015,
      "revenueUsd": 2.5503803127595317,
      "failedTxs": 0,
      "failedUsd": 0,
      "avgScore": 1.0777777777777777,
      "approved": 3,
      "rejected": 0,
      "approvalRate": 1.5,
      "prize": "450,000,000 ARGUE",
      "remainDays": 68,
      "isEnded": false,
      "ghostWallets": 0,
      "dailyRate": 0.7220364017766024,
      "projectedRevenue": 51.986620927915375,
      "newParticipants": 0,
      "newRevenueUsd": 0
    },
    {
      "address": "0xf3020fd6b86d98129fe1dd1a81943c736739c64a",
      "chain": "base",
      "ic": "0x792946b568ded6ea340605ff44b6e9e497a93d6a",
      "title": "0xf302…c64a",
      "creator": null,
      "participants": 1,
      "rallyUsers": 1,
      "revenueEth": 0.000609720899043859,
      "revenueUsd": 1.1936993817300863,
      "failedTxs": 0,
      "failedUsd": 0,
      "avgScore": 0,
      "approved": 1,
      "rejected": 0,
      "approvalRate": 1,
      "prize": null,
      "remainDays": null,
      "isEnded": null,
      "ghostWallets": 0,
      "dailyRate": 0.2418251175818502,
      "projectedRevenue": null,
      "newParticipants": 0,
      "newRevenueUsd": 0
    },
    {
      "address": "0x882a9993c1f747fd6d38d15f2377a9a9706410e2",
      "chain": "base",
      "ic": null,
      "title": "0x882a…10e2",
      "creator": null,
      "participants": 0,
      "rallyUsers": 0,
      "revenueEth": 0,
      "revenueUsd": 0,