{
  "timestamp": "2026-02-28T10:44:39.732Z",
  "ethPrice": 1863.15,
  "feeCampaigns": [
    {
      "address": "0x3618a1ef4ecc8041655418042c7951ad7cdbdbb4",
      "ic": null,
      "title": "0x3618…dbb4",
      "creator": null,
      "participants": 122,
      "rallyUsers": 0,
      "revenueEth": 0.09297421738836464,
      "revenueUsd": 173.2249131271316,
      "failedTxs": 7,
      "failedUsd": 8.409308176614857,
      "avgScore": 0,
      "approved": 0,
      "rejected": 0,
      "approvalRate": null,
      "prize": null,
      "remainDays": null,
      "isEnded": null,
      "ghostWallets": 122,
      "dailyRate": 172.60373744743666,
      "projectedRevenue": null,
      "newParticipants": 0,
      "newRevenueUsd": 0
    },
    {
      "address": "0xa631c00ed87ed042eedd8bc2b34edd2798e64699",
      "ic": null,
      "title": "0xa631…4699",
      "creator": null,
      "participants": 94,
      "rallyUsers": 0,
      "revenueEth": 0.09207458181531189,
      "revenueUsd": 171.54875710919836,
      "failedTxs": 9,
      "failedUsd": 11.031903717682614,
      "avgScore": 0,
      "approved": 0,
      "rejected": 0,
      "approvalRate": null,
      "prize": null,
      "remainDays": null,
      "isEnded": null,
      "ghostWallets": 94,
      "dailyRate": 188.9502410960693,
      "projectedRevenue": null,
      "newParticipants": 0,
      "newRevenueUsd": 0
    },
    {
      "address": "0x28eda7a7e67da27d5e52f763ce9bfd6fdb31a745",
      "ic": null,
      "title": "0x28ed…a745",
      "creator": null,
      "participants": 138,
      "rallyUsers": 0,
      "revenueEth": 0.09109743196438866,
      "revenueUsd": 169.72818036445074,
      "failedTxs": 9,
      "failedUsd": 10.833252380525238,
      "avgScore": 0,
      "approved": 0,
      "rejected": 0,
      "approvalRate": null,
      "prize": null,
      "remainDays": null,
      "isEnded": null,
      "ghostWallets": 138,
      "dailyRate": 156.3432093535816,
      "projectedRevenue": null,
      "newParticipants": 0,
      "newRevenueUsd": 0
    },
    {
      "address": "0xb4c98221395ebb07e86498b827fc2866d58d4b7d",
      "ic": "0xaf5a5b459f4371c1781e3b8456214cdd063eeba7",
      "title": "Code Runs, Disputes Don't. Enter Internet Court",
      "creator": "genlayer",
      "participants": 56,
      "rallyUsers": 54,
      "revenueEth": 0.03893215488789331,
      "revenueUsd": 72.53644437937842,
      "failedTxs": 2,
      "failedUsd": 2.440635741985211,
      "avgScore": 1.0585802469135803,
      "approved": 54,
      "rejected": 0,
      "approvalRate": 0.9152542372881356,
      "prize": "1,000 USDC",
      "remainDays": 24,
      "isEnded": false,
      "ghostWallets": 2,
      "dailyRate": 109.1211539102324,
      "projectedRevenue": 2618.9076938455773,
      "newParticipants": 0,
      "newRevenueUsd": 0
    },
    {
      "address": "0x6134c8f8ba6d9dff558fa937daaab559543fde04",
      "ic": "0x9ed594c010a2516312f4db64b500b2aa31d127cf",
      "title": "0x6134…de04",
      "creator": null,
      "participants": 3,
      "rallyUsers": 0,
      "revenueEth": 0.002484296382055222,
      "revenueUsd": 4.628616804226187,
      "failedTxs": 0,
      "failedUsd": 0,
      "avgScore": 0,
      "approved": 0,
      "rejected": 0,
      "approvalRate": null,
      "prize": null,
      "remainDays": null,
      "isEnded": null,
      "ghostWallets": 3,
      "dailyRate": 2.6008717772164425,
      "projectedRevenue": null,
      "newParticipants": 0,
      "newRevenueUsd": 0
    },
    {
      "address": "0xb071c021203849b19bb067300af36f57f6062671",
      "ic": "0x901297c69e1c211f2d31370578b40c8e8f9bd09e",
      "title": "argue.fun",
      "creator": "arguedotfun",
      "participants": 1,
      "rallyUsers": 1,
      "revenueEth": 0.000657271749817161,
      "revenueUsd": 1.2245958606718437,
      "failedTxs": 0,
      "failedUsd": 0,
      "avgScore": 0.5333333333333333,
      "approved": 1,
      "rejected": 0,
      "approvalRate": 1,
      "prize": "450,000,000 ARGUE",
      "remainDays": 71,
      "isEnded": false,
      "ghostWallets": 0,
      "dailyRate": 2.472258060734932,
      "projectedRevenue": 178.00258037291508,
      "newParticipants": 0,
      "newRevenueUsd": 0
    },
    {
      "address": "0xf3020fd6b86d98129fe1dd1a81943c736739c64a",
      "ic": "0x792946b568ded6ea340605ff44b6e9e497a93d6a",
      "title": "0xf302…c64a",
      "creator": null,
      "participants": 1,
      "rallyUsers": 0,
      "revenueEth": 0.000609720899043859,
      "revenueUsd": 1.136001493053566,
      "failedTxs": 0,
      "failedUsd": 0,
      "avgScore": 0,
      "approved": 0,
      "rejected": 0,
      "approvalRate": null,
      "prize": null,
      "remainDays": null,
      "isEnded": null,
      "ghostWallets": 1,
      "dailyRate": 0.5981034124173807,
      "projectedRevenue": null,
      "newParticipants": 0,
      "newRevenueUsd": 0
    },
    {
      "address": "0x882a9993c1f747fd6d38d15f2377a9a9706410e2",
      "ic": null,
      "title": "0x882a…10e2",
      "creator": null,
      "participants": 0,
      "rallyUsers": 0,
      "revenueEth": 0,
      "revenueUsd": 0,
      "failedTxs": 0,
      "failedUsd": 0,
      "avgScore": 0,
      "approved": 0,
      "rejected": 0,
      "approvalRate": null,
      "prize": null,
      "remainDays": null,
      "isEnded": null,
      "ghostWallets": 0,
      "dailyRate": null,
      "projectedRevenue": null,
      "newParticipants": 0,
      "newRevenueUsd": 0
    },
    {
      "address": "0x6388eede5c5affba5dfacc2ef8faa50a25259406",
      "ic": null,
      "title": "0x6388…9406",
      "creator": null,
      "participants": 0,
      "rallyUsers": 0,
      "revenueEth": 0,
      "revenueUsd": 0,
      "failedTxs": 0,
      "failedUsd": 0,
      "avgScore": 0,
      "approved": 0,
      "rejected": 0,
      "approvalRate": null,
      "prize": null,
      "remainDays": null,
      "isEnded": null,
      "ghostWallets": 0,
      "dailyRate": null,
      "projectedRevenue": null,
      "newParticipants": 0,
      "newRevenueUsd": 0
    },
    {
      "address": "0x91abf60462b771330457abc14c8085ae5d2b1788",
      "ic": null,
      "title": "0x91ab…1788",
      "creator": null,
      "participants": 0,
      "rallyUsers": 0,
      "revenueEth": 0,
      "revenueUsd": 0,
      "failedTxs": 0,
      "failedUsd": 0,
      "avgScore": 0,
      "approved": 0,
      "rejected": 0,
      "approvalRate": null,
      "prize": null,
      "remainDays": null,
      "isEnded": null,
      "ghostWallets": 0,
      "dailyRate": null,
      "projectedRevenue": null,
      "newParticipants": 0,
      "newRevenueUsd": 0
    },
    {
      "address": "0x2f0271f07781b844ad10cf749fba7c5b1c442de7",
      "ic": "0xad73b7b5b4b18038d6a46e0c5d55343dc3be96b1",
      "title": "0x2f02…2de7",
      "creator": null,
      "participants": 0,
      "rallyUsers": 0,
      "revenueEth": 0,
      "revenueUsd": 0,
      "failedTxs": 0,
      "failedUsd": 0,
      "avgScore": 0,
      "approved": 0,
      "rejected": 0,
      "approvalRate": null,
      "prize": null,
      "remainDays": null,
      "isEnded": null,
      "ghostWallets": 0,
      "dailyRate": null,
      "projectedRevenue": null,
      "newParticipants": 0,
      "newRevenueUsd": 0
    }
  ],
  "freeCampaigns": [
    {
      "title": "Grvt 2.5",
      "creator": "grvt_io",
      "remainDays": 13
    },
    {
      "title": "Code Runs, Disputes Don't. Enter Internet Court",
      "creator": "genlayer",
      "remainDays": 24
    },
    {
      "title": "RALLY BETA IS LIVE , SAY IT LOUD",
      "creator": "rallyonchain",
      "remainDays": 9
    },
    {
      "title": "argue.fun",
      "creator": "arguedotfun",
      "remainDays": 71
    },
    {
      "title": "Argumentation Markets Are the Next Primitive",
      "creator": "arguedotfun",
      "remainDays": 23
    },
    {
      "title": "Share, Refer, Earn Forever",
      "creator": "rallyonchain",