{
  "timestamp": "2026-03-27T11:23:18.226Z",
  "ethPrice": 1993.45,
  "feeCampaigns": [
    {
      "address": "0xa631c00ed87ed042eedd8bc2b34edd2798e64699",
      "chain": "base",
      "ic": "0xd7cd88650ec7366664c0ee235bfc841408d29efa",
      "title": "Argumentation Markets Are the Next Primitive",
      "creator": "arguedotfun",
      "participants": 563,
      "rallyUsers": 586,
      "revenueEth": 0.775538425656551,
      "revenueUsd": 1545.9970746250515,
      "failedTxs": 75,
      "failedUsd": 89.47167924874502,
      "avgScore": 1.3539407407407504,
      "approved": 1451,
      "rejected": 0,
      "approvalRate": 1.0984102952308856,
      "prize": "450,000,000 ARGUE",
      "remainDays": 0,
      "isEnded": true,
      "ghostWallets": 0,
      "unpaidUsers": 23,
      "successTxs": 1321,
      "subsWithoutPayment": 130,
      "dailyRate": 53.718561102437384,
      "projectedRevenue": 1289.2454664584973,
      "newParticipants": 0,
      "newRevenueUsd": 0
    },
    {
      "address": "0xb2a82ae1f05fc293b2ecc1f288a77138f0c123f7",
      "chain": "zksync",
      "ic": "0x67b1c3288ce37f63b9c86ee4e0f5dd64f8c19377",
      "title": "The Bank Stack of Ethereum: Combining Institutional Privacy ",
      "creator": "zksync",
      "participants": 347,
      "rallyUsers": 337,
      "revenueEth": 0.7280312486741406,
      "revenueUsd": 1451.2938926694655,
      "failedTxs": 30,
      "failedUsd": 36.72123606896938,
      "avgScore": 0.6297076552139889,
      "approved": 1182,
      "rejected": 0,
      "approvalRate": 0.933649289099526,
      "prize": "126,755 ZK",
      "remainDays": 0,
      "isEnded": true,
      "ghostWallets": 10,
      "unpaidUsers": 0,
      "successTxs": 1266,
      "subsWithoutPayment": 0,
      "dailyRate": 57.9872496164673,
      "projectedRevenue": 811.8214946305422,
      "newParticipants": 0,
      "newRevenueUsd": 0
    },
    {
      "address": "0xc8d22bd966dafce700c8b38815deab767c37ebc1",
      "chain": "base",
      "ic": "0x5b303819b946f464d275b25552f8c9fd3f7029d8",
      "title": "Grvt Momentum",
      "creator": "grvt_io",
      "participants": 475,
      "rallyUsers": 475,
      "revenueEth": 0.6102970268879164,
      "revenueUsd": 1216.596608249717,
      "failedTxs": 60,
      "failedUsd": 69.91373242409836,
      "avgScore": 1.0191776110068806,
      "approved": 1066,
      "rejected": 0,
      "approvalRate": 1.0210727969348659,
      "prize": "5,000 USDT",
      "remainDays": 3,
      "isEnded": false,
      "ghostWallets": 0,
      "unpaidUsers": 0,
      "successTxs": 1044,
      "subsWithoutPayment": 22,
      "dailyRate": 106.06248239987454,
      "projectedRevenue": 1484.8747535982436,
      "newParticipants": 1,
      "newRevenueUsd": 3.7044133226595672
    },
    {
      "address": "0x3618a1ef4ecc8041655418042c7951ad7cdbdbb4",
      "chain": "base",
      "ic": "0x3ff8239acd75ad0da013ca52eaab535027bd7380",
      "title": "Grvt 2.5",
      "creator": "grvt_io",
      "participants": 457,
      "rallyUsers": 620,
      "revenueEth": 0.34825179111630916,
      "revenueUsd": 694.2225330008065,
      "failedTxs": 29,
      "failedUsd": 36.226069471459034,
      "avgScore": 2.1370161290322622,
      "approved": 620,
      "rejected": 0,
      "approvalRate": 1.1272727272727272,
      "prize": "5,000 USDT",
      "remainDays": 0,
      "isEnded": true,
      "ghostWallets": 0,
      "unpaidUsers": 163,
      "successTxs": 550,
      "subsWithoutPayment": 70,
      "dailyRate": 24.206834042486268,
      "projectedRevenue": 338.89567659480775,
      "newParticipants": 0,
      "newRevenueUsd": 0
    },
    {
      "address": "0x28eda7a7e67da27d5e52f763ce9bfd6fdb31a745",
      "chain": "base",
      "ic": "0xfdf8c86f228a6b0c115ab9cf5c5b2f85b8778f0c",
      "title": "RALLY BETA IS LIVE , SAY IT LOUD",
      "creator": "rallyonchain",
      "participants": 513,
      "rallyUsers": 548,
      "revenueEth": 0.3409212910456583,
      "revenueUsd": 679.6095476349676,
      "failedTxs": 19,
      "failedUsd": 24.089834788167252,
      "avgScore": 1.3337757575757596,
      "approved": 550,
      "rejected": 0,
      "approvalRate": 1.0223048327137547,
      "prize": "1,000 USDC",
      "remainDays": 0,
      "isEnded": true,
      "ghostWallets": 0,
      "unpaidUsers": 35,
      "successTxs": 538,
      "subsWithoutPayment": 12,
      "dailyRate": 23.60321831241968,
      "projectedRevenue": 259.6354014366165,
      "newParticipants": 0,
      "newRevenueUsd": 0
    },
    {
      "address": "0xba48dab75c908a1a8c23a83491bf677c46536844",
      "chain": "base",
      "ic": "0xfee8b7ea0b4976ac1014980be300f6efbda2b481",
      "title": "Fragments",
      "creator": "fragmentsorg",
      "participants": 416,
      "rallyUsers": 487,
      "revenueEth": 0.31464711453487215,
      "revenueUsd": 627.2332904695409,
      "failedTxs": 48,
      "failedUsd": 54.30583499982348,
      "avgScore": 2.2844864048338476,
      "approved": 684,
      "rejected": 0,
      "approvalRate": 1.2280071813285458,
      "prize": "5,000 USDC",
      "remainDays": 4,
      "isEnded": false,
      "ghostWallets": 0,
      "unpaidUsers": 71,
      "successTxs": 557,
      "subsWithoutPayment": 127,
      "dailyRate": 25.334172035473667,
      "projectedRevenue": 709.3568169932627,
      "newParticipants": 0,
      "newRevenueUsd": 0
    },
    {
      "address": "0xb4c98221395ebb07e86498b827fc2866d58d4b7d",
      "chain": "base",
      "ic": "0xaf5a5b459f4371c1781e3b8456214cdd063eeba7",
      "title": "Code Runs, Disputes Don't. Enter Internet Court",
      "creator": "genlayer",
      "participants": 473,
      "rallyUsers": 547,
      "revenueEth": 0.2983618401787744,
      "revenueUsd": 594.7694103043777,
      "failedTxs": 36,
      "failedUsd": 43.420001100369106,
      "avgScore": 1.08661791590494,
      "approved": 547,
      "rejected": 0,
      "approvalRate": 1.1232032854209446,
      "prize": "1,000 USDC",
      "remainDays": 0,
      "isEnded": true,
      "ghostWallets": 0,
      "unpaidUsers": 74,
      "successTxs": 487,
      "subsWithoutPayment": 60,
      "dailyRate": 21.480464683760562,
      "projectedRevenue": 515.5311524102535,
      "newParticipants": 0,
      "newRevenueUsd": 0
    },
    {
      "address": "0x580bb20ac1b32ca6ad547a3cebb727df2cf4f5dd",
      "chain": "base",
      "ic": "0x34c19f6725a684b3e298c711ea6b32a0b6093e9a",
      "title": "BOTCHA: Prove You're Not a Human",
      "creator": "genlayer",
      "participants": 455,
      "rallyUsers": 523,
      "revenueEth": 0.2949213876399466,
      "revenueUsd": 587.9110401908515,
      "failedTxs": 18,
      "failedUsd": 22.102151418178334,
      "avgScore": 0.7091300191204631,
      "approved": 555,
      "rejected": 0,
      "approvalRate": 1.0925196850393701,
      "prize": "1,000 USDC",
      "remainDays": 0,
      "isEnded": true,
      "ghostWallets": 0,
      "unpaidUsers": 68,
      "successTxs": 508,
      "subsWithoutPayment": 47,
      "dailyRate": 22.07753015745314,
      "projectedRevenue": 529.8607237788754,
      "newParticipants": 0,
      "newRevenueUsd": 0
    },
    {
      "address": "0xe9f3778b407e316074484bacf35c17f2a5058da9",
      "chain": "base",
      "ic": "0xb98feb296b811443ab9f845ad22105b8f8cc1d7e",
      "title": "Share, Refer, Earn Forever",
      "creator": "rallyonchain",
      "participants": 278,
      "rallyUsers": 304,
      "revenueEth": 0.1814922938541635,
      "revenueUsd": 361.7958131835822,
      "failedTxs": 25,
      "failedUsd": 31.41865435669695,
      "avgScore": 0.8044407894736857,
      "approved": 304,
      "rejected": 0,
      "approvalRate": 1.0375426621160408,
      "prize": "50,000 RLP",
      "remainDays": 1,
      "isEnded": false,
      "ghostWallets": 0,
      "unpaidUsers": 26,
      "successTxs": 293,
      "subsWithoutPayment": 11,
      "dailyRate": 13.066468375981604,
      "projectedRevenue": 365.8611145274849,
      "newParticipants": 2,