{
  "timestamp": "2026-03-27T10:51:07.253Z",
  "ethPrice": 2010.7,
  "feeCampaigns": [
    {
      "address": "0xa631c00ed87ed042eedd8bc2b34edd2798e64699",
      "chain": "base",
      "ic": "0xd7cd88650ec7366664c0ee235bfc841408d29efa",
      "title": "Argumentation Markets Are the Next Primitive",
      "creator": "arguedotfun",
      "participants": 563,
      "rallyUsers": 586,
      "revenueEth": 0.775538425656551,
      "revenueUsd": 1559.375112467627,
      "failedTxs": 75,
      "failedUsd": 90.24590808169336,
      "avgScore": 1.3539407407407504,
      "approved": 1451,
      "rejected": 0,
      "approvalRate": 1.0984102952308856,
      "prize": "450,000,000 ARGUE",
      "remainDays": 0,
      "isEnded": true,
      "ghostWallets": 0,
      "unpaidUsers": 23,
      "dailyRate": 54.22536485876136,
      "projectedRevenue": 1301.4087566102726,
      "newParticipants": 337,
      "newRevenueUsd": 1063.2758006496435
    },
    {
      "address": "0xb2a82ae1f05fc293b2ecc1f288a77138f0c123f7",
      "chain": "zksync",
      "ic": "0x67b1c3288ce37f63b9c86ee4e0f5dd64f8c19377",
      "title": "The Bank Stack of Ethereum: Combining Institutional Privacy ",
      "creator": "zksync",
      "participants": 347,
      "rallyUsers": 337,
      "revenueEth": 0.7280312486741406,
      "revenueUsd": 1463.8524317090946,
      "failedTxs": 30,
      "failedUsd": 37.03899739841819,
      "avgScore": 0.6297076552139889,
      "approved": 1182,
      "rejected": 0,
      "approvalRate": 0.933649289099526,
      "prize": "126,755 ZK",
      "remainDays": 0,
      "isEnded": true,
      "ghostWallets": 10,
      "unpaidUsers": 0,
      "dailyRate": 58.54112162875477,
      "projectedRevenue": 819.5757028025669,
      "newParticipants": 0,
      "newRevenueUsd": 0
    },
    {
      "address": "0xc8d22bd966dafce700c8b38815deab767c37ebc1",
      "chain": "base",
      "ic": "0x5b303819b946f464d275b25552f8c9fd3f7029d8",
      "title": "Grvt Momentum",
      "creator": "grvt_io",
      "participants": 474,
      "rallyUsers": 474,
      "revenueEth": 0.6084387343184215,
      "revenueUsd": 1223.3877630940503,
      "failedTxs": 60,
      "failedUsd": 70.51871969958341,
      "avgScore": 1.0187496072887228,
      "approved": 1061,
      "rejected": 0,
      "approvalRate": 1.0192122958693564,
      "prize": "5,000 USDT",
      "remainDays": 3,
      "isEnded": false,
      "ghostWallets": 0,
      "unpaidUsers": 0,
      "dailyRate": 106.86199727514632,
      "projectedRevenue": 1496.0679618520485,
      "newParticipants": 27,
      "newRevenueUsd": 113.7984286733871
    },
    {
      "address": "0x3618a1ef4ecc8041655418042c7951ad7cdbdbb4",
      "chain": "base",
      "ic": "0x3ff8239acd75ad0da013ca52eaab535027bd7380",
      "title": "Grvt 2.5",
      "creator": "grvt_io",
      "participants": 457,
      "rallyUsers": 620,
      "revenueEth": 0.34825179111630916,
      "revenueUsd": 700.2298763975629,
      "failedTxs": 29,
      "failedUsd": 36.53954595613769,
      "avgScore": 2.1370161290322622,
      "approved": 620,
      "rejected": 0,
      "approvalRate": 1.1272727272727272,
      "prize": "5,000 USDT",
      "remainDays": 0,
      "isEnded": true,
      "ghostWallets": 0,
      "unpaidUsers": 163,
      "dailyRate": 24.435278111425543,
      "projectedRevenue": 342.0938935599576,
      "newParticipants": 0,
      "newRevenueUsd": 0
    },
    {
      "address": "0x28eda7a7e67da27d5e52f763ce9bfd6fdb31a745",
      "chain": "base",
      "ic": "0xfdf8c86f228a6b0c115ab9cf5c5b2f85b8778f0c",
      "title": "RALLY BETA IS LIVE , SAY IT LOUD",
      "creator": "rallyonchain",
      "participants": 513,
      "rallyUsers": 548,
      "revenueEth": 0.3409212910456583,
      "revenueUsd": 685.4904399055052,
      "failedTxs": 19,
      "failedUsd": 24.29829231160445,
      "avgScore": 1.3337757575757596,
      "approved": 550,
      "rejected": 0,
      "approvalRate": 1.0223048327137547,
      "prize": "1,000 USDC",
      "remainDays": 0,
      "isEnded": true,
      "ghostWallets": 0,
      "unpaidUsers": 35,
      "dailyRate": 23.82589245178161,
      "projectedRevenue": 262.0848169695977,
      "newParticipants": 0,
      "newRevenueUsd": 0
    },
    {
      "address": "0xba48dab75c908a1a8c23a83491bf677c46536844",
      "chain": "base",
      "ic": "0xfee8b7ea0b4976ac1014980be300f6efbda2b481",
      "title": "Fragments",
      "creator": "fragmentsorg",
      "participants": 416,
      "rallyUsers": 487,
      "revenueEth": 0.31464711453487215,
      "revenueUsd": 632.6609531952674,
      "failedTxs": 48,
      "failedUsd": 54.77576183708901,
      "avgScore": 2.2842662632375297,
      "approved": 683,
      "rejected": 0,
      "approvalRate": 1.2262118491921006,
      "prize": "5,000 USDC",
      "remainDays": 4,
      "isEnded": false,
      "ghostWallets": 0,
      "unpaidUsers": 71,
      "dailyRate": 25.57640221584307,
      "projectedRevenue": 716.139262043606,
      "newParticipants": 0,
      "newRevenueUsd": 0
    },
    {
      "address": "0xb4c98221395ebb07e86498b827fc2866d58d4b7d",
      "chain": "base",
      "ic": "0xaf5a5b459f4371c1781e3b8456214cdd063eeba7",
      "title": "Code Runs, Disputes Don't. Enter Internet Court",
      "creator": "genlayer",
      "participants": 473,
      "rallyUsers": 547,
      "revenueEth": 0.2983618401787744,
      "revenueUsd": 599.9161520474617,
      "failedTxs": 36,
      "failedUsd": 43.795729119121205,
      "avgScore": 1.08661791590494,
      "approved": 547,
      "rejected": 0,
      "approvalRate": 1.1232032854209446,
      "prize": "1,000 USDC",
      "remainDays": 0,
      "isEnded": true,
      "ghostWallets": 0,
      "unpaidUsers": 74,
      "dailyRate": 21.683781978224182,
      "projectedRevenue": 520.4107674773804,
      "newParticipants": 0,
      "newRevenueUsd": 0
    },
    {
      "address": "0x580bb20ac1b32ca6ad547a3cebb727df2cf4f5dd",
      "chain": "base",
      "ic": "0x34c19f6725a684b3e298c711ea6b32a0b6093e9a",
      "title": "BOTCHA: Prove You're Not a Human",
      "creator": "genlayer",
      "participants": 455,
      "rallyUsers": 523,
      "revenueEth": 0.2949213876399466,
      "revenueUsd": 592.9984341276406,
      "failedTxs": 18,
      "failedUsd": 22.293408842223872,
      "avgScore": 0.7091300191204631,
      "approved": 555,
      "rejected": 0,
      "approvalRate": 1.0925196850393701,
      "prize": "1,000 USDC",
      "remainDays": 0,
      "isEnded": true,
      "ghostWallets": 0,
      "unpaidUsers": 68,
      "dailyRate": 22.28721253337436,
      "projectedRevenue": 534.8931008009846,
      "newParticipants": 0,
      "newRevenueUsd": 0
    },
    {
      "address": "0xe9f3778b407e316074484bacf35c17f2a5058da9",
      "chain": "base",
      "ic": "0xb98feb296b811443ab9f845ad22105b8f8cc1d7e",
      "title": "Share, Refer, Earn Forever",
      "creator": "rallyonchain",
      "participants": 276,
      "rallyUsers": 302,
      "revenueEth": 0.18025107626250964,
      "revenueUsd": 362.43083904102815,
      "failedTxs": 23,
      "failedUsd": 29.19231884302692,
      "avgScore": 0.8039514348785887,
      "approved": 302,
      "rejected": 0,
      "approvalRate": 1.0378006872852235,
      "prize": "50,000 RLP",
      "remainDays": 1,
      "isEnded": false,
      "ghostWallets": 0,
      "unpaidUsers": 26,
      "dailyRate": 13.099938539333595,
      "projectedRevenue": 366.79827910134065,
      "newParticipants": 0,
      "newRevenueUsd": 0
    },
    {
      "address": "0x24bf56468e098b0bb792039c5b9f87de8cc2268f",
      "chain": "base",
      "ic": "0x995ccf676c0b8e64b53ff0a0dccf7e39241e3c87",
      "title": "The Rally Joke Contest",
      "creator": "rallyonchain",
      "participants": 212,
      "rallyUsers": 239,
      "revenueEth": 0.14241888321369767,
      "revenueUsd": 286.3616484777819,
      "failedTxs": 11,
      "failedUsd": 13.887065992085935,
      "avgScore": 1.341004184100417,
      "approved": 239,
      "rejected": 0,