{
  "timestamp": "2026-03-03T09:33:40.061Z",
  "ethPrice": 1946.75,
  "feeCampaigns": [
    {
      "address": "0xa631c00ed87ed042eedd8bc2b34edd2798e64699",
      "chain": "base",
      "ic": "0xd7cd88650ec7366664c0ee235bfc841408d29efa",
      "title": "Argumentation Markets Are the Next Primitive",
      "creator": "arguedotfun",
      "participants": 256,
      "rallyUsers": 232,
      "revenueEth": 0.3101127996464857,
      "revenueUsd": 603.712092711796,
      "failedTxs": 28,
      "failedUsd": 35.179708591028366,
      "avgScore": 1.3508660130718995,
      "approved": 408,
      "rejected": 0,
      "approvalRate": 0.8429752066115702,
      "prize": "450,000,000 ARGUE",
      "remainDays": 20,
      "isEnded": false,
      "ghostWallets": 24,
      "dailyRate": 128.28913910631957,
      "projectedRevenue": 3078.9393385516696,
      "newParticipants": 0,
      "newRevenueUsd": 0
    },
    {
      "address": "0x28eda7a7e67da27d5e52f763ce9bfd6fdb31a745",
      "chain": "base",
      "ic": "0xfdf8c86f228a6b0c115ab9cf5c5b2f85b8778f0c",
      "title": "RALLY BETA IS LIVE , SAY IT LOUD",
      "creator": "rallyonchain",
      "participants": 393,
      "rallyUsers": 389,
      "revenueEth": 0.26230697392023267,
      "revenueUsd": 510.6461014792129,
      "failedTxs": 16,
      "failedUsd": 19.98852165060495,
      "avgScore": 1.3238461538461546,
      "approved": 390,
      "rejected": 0,
      "approvalRate": 0.948905109489051,
      "prize": "1,000 USDC",
      "remainDays": 6,
      "isEnded": false,
      "ghostWallets": 4,
      "dailyRate": 108.20173643196716,
      "projectedRevenue": 1190.2191007516387,
      "newParticipants": 0,
      "newRevenueUsd": 0
    },
    {
      "address": "0x3618a1ef4ecc8041655418042c7951ad7cdbdbb4",
      "chain": "base",
      "ic": "0x3ff8239acd75ad0da013ca52eaab535027bd7380",
      "title": "Grvt 2.5",
      "creator": "grvt_io",
      "participants": 291,
      "rallyUsers": 222,
      "revenueEth": 0.2342824148369325,
      "revenueUsd": 456.08929108379834,
      "failedTxs": 20,
      "failedUsd": 24.92828211379743,
      "avgScore": 2.1433783783783844,
      "approved": 222,
      "rejected": 0,
      "approvalRate": 0.6082191780821918,
      "prize": "5,000 USDT",
      "remainDays": 10,
      "isEnded": false,
      "ghostWallets": 69,
      "dailyRate": 99.04039334479191,
      "projectedRevenue": 1386.5655068270867,
      "newParticipants": 0,
      "newRevenueUsd": 0
    },
    {
      "address": "0xb4c98221395ebb07e86498b827fc2866d58d4b7d",
      "chain": "base",
      "ic": "0xaf5a5b459f4371c1781e3b8456214cdd063eeba7",
      "title": "Code Runs, Disputes Don't. Enter Internet Court",
      "creator": "genlayer",
      "participants": 132,
      "rallyUsers": 126,
      "revenueEth": 0.0880902763688905,
      "revenueUsd": 171.48974552113756,
      "failedTxs": 8,
      "failedUsd": 9.955199468284432,
      "avgScore": 1.0429629629629626,
      "approved": 126,
      "rejected": 0,
      "approvalRate": 0.9333333333333333,
      "prize": "1,000 USDC",
      "remainDays": 21,
      "isEnded": false,
      "ghostWallets": 6,
      "dailyRate": 47.43637224615822,
      "projectedRevenue": 1138.4729339077974,
      "newParticipants": 0,
      "newRevenueUsd": 0
    },
    {
      "address": "0x4653fa360f40073e56acffe31f552fba14adf8b4",
      "chain": "base",
      "ic": null,
      "title": "0x4653…f8b4",
      "creator": null,
      "participants": 1,
      "rallyUsers": 0,
      "revenueEth": 0.06,
      "revenueUsd": 116.80499999999999,
      "failedTxs": 0,
      "failedUsd": 0,
      "avgScore": 0,
      "approved": 0,
      "rejected": 0,
      "approvalRate": null,
      "prize": null,
      "remainDays": null,
      "isEnded": null,
      "ghostWallets": 1,
      "dailyRate": 22.28378417983481,
      "projectedRevenue": null,
      "newParticipants": 1,
      "newRevenueUsd": 116.80499999999999
    },
    {
      "address": "0x580bb20ac1b32ca6ad547a3cebb727df2cf4f5dd",
      "chain": "base",
      "ic": "0x34c19f6725a684b3e298c711ea6b32a0b6093e9a",
      "title": "BOTCHA: Prove You're Not a Human",
      "creator": "genlayer",
      "participants": 83,
      "rallyUsers": 79,
      "revenueEth": 0.05541833332027882,
      "revenueUsd": 107.88564039125279,
      "failedTxs": 7,
      "failedUsd": 8.716637601185893,
      "avgScore": 0.7106962025316458,
      "approved": 79,
      "rejected": 0,
      "approvalRate": 0.9080459770114943,
      "prize": "1,000 USDC",
      "remainDays": 22,
      "isEnded": false,
      "ghostWallets": 4,
      "dailyRate": 42.213974467249976,
      "projectedRevenue": 1013.1353872139994,
      "newParticipants": 0,
      "newRevenueUsd": 0
    },
    {
      "address": "0xba48dab75c908a1a8c23a83491bf677c46536844",
      "chain": "base",
      "ic": "0xfee8b7ea0b4976ac1014980be300f6efbda2b481",
      "title": "Fragments",
      "creator": "fragmentsorg",
      "participants": 8,
      "rallyUsers": 11,
      "revenueEth": 0.004942752352231615,
      "revenueUsd": 9.622303141706897,
      "failedTxs": 2,
      "failedUsd": 2.40886527584729,
      "avgScore": 2.064545454545455,
      "approved": 11,
      "rejected": 0,
      "approvalRate": 1.375,
      "prize": "5,000 USDC",
      "remainDays": 28,
      "isEnded": false,
      "ghostWallets": 0,
      "dailyRate": 14.05351619435341,
      "projectedRevenue": 393.4984534418955,
      "newParticipants": 0,
      "newRevenueUsd": 0
    },
    {
      "address": "0x6134c8f8ba6d9dff558fa937daaab559543fde04",
      "chain": "base",
      "ic": "0x9ed594c010a2516312f4db64b500b2aa31d127cf",
      "title": "0x6134…de04",
      "creator": null,
      "participants": 3,
      "rallyUsers": 0,
      "revenueEth": 0.002484296382055222,
      "revenueUsd": 4.836303981766004,
      "failedTxs": 0,
      "failedUsd": 0,
      "avgScore": 0,
      "approved": 0,
      "rejected": 0,
      "approvalRate": null,
      "prize": null,
      "remainDays": null,
      "isEnded": null,
      "ghostWallets": 3,
      "dailyRate": 1.0224613472637372,
      "projectedRevenue": null,
      "newParticipants": 0,
      "newRevenueUsd": 0
    },
    {
      "address": "0x19f310fb027ae264e4f1b5116beb995462a045e1",
      "chain": "base",
      "ic": "0x1d68b125ae0d60f3d57fe0b320c674788cb8056a",
      "title": "MergeProof: Ship With Confidence",
      "creator": "genlayer",
      "participants": 4,
      "rallyUsers": 5,
      "revenueEth": 0.002472074622248665,
      "revenueUsd": 4.812511270862588,
      "failedTxs": 0,
      "failedUsd": 0,
      "avgScore": 0.526,
      "approved": 5,
      "rejected": 0,
      "approvalRate": 1.25,
      "prize": "1,000 USDC",
      "remainDays": 28,
      "isEnded": false,
      "ghostWallets": 0,
      "dailyRate": 7.160682951938783,
      "projectedRevenue": 200.49912265428594,
      "newParticipants": 0,
      "newRevenueUsd": 0
    },
    {
      "address": "0xb071c021203849b19bb067300af36f57f6062671",
      "chain": "base",
      "ic": "0x901297c69e1c211f2d31370578b40c8e8f9bd09e",
      "title": "argue.fun",
      "creator": "arguedotfun",
      "participants": 2,
      "rallyUsers": 2,
      "revenueEth": 0.001302689941035015,
      "revenueUsd": 2.5360116427099153,
      "failedTxs": 0,
      "failedUsd": 0,
      "avgScore": 0.9416666666666667,
      "approved": 2,
      "rejected": 0,
      "approvalRate": 1,
      "prize": "450,000,000 ARGUE",
      "remainDays": 68,
      "isEnded": false,
      "ghostWallets": 0,
      "dailyRate": 0.7359814378487874,
      "projectedRevenue": 52.990663525112694,
      "newParticipants": 0,
      "newRevenueUsd": 0
    },
    {
      "address": "0xf3020fd6b86d98129fe1dd1a81943c736739c64a",
      "chain": "base",
      "ic": "0x792946b568ded6ea340605ff44b6e9e497a93d6a",
      "title": "0xf302…c64a",
      "creator": null,
      "participants": 1,
      "rallyUsers": 0,
      "revenueEth": 0.000609720899043859,
      "revenueUsd": 1.1869741602136326,