{
  "timestamp": "2026-03-03T14:05:39.380Z",
  "ethPrice": 1951.63,
  "feeCampaigns": [
    {
      "address": "0xa631c00ed87ed042eedd8bc2b34edd2798e64699",
      "chain": "base",
      "ic": "0xd7cd88650ec7366664c0ee235bfc841408d29efa",
      "title": "Argumentation Markets Are the Next Primitive",
      "creator": "arguedotfun",
      "participants": 256,
      "rallyUsers": 255,
      "revenueEth": 0.3101127996464857,
      "revenueUsd": 605.225443174071,
      "failedTxs": 28,
      "failedUsd": 35.26789504430907,
      "avgScore": 1.3511952487008205,
      "approved": 449,
      "rejected": 0,
      "approvalRate": 0.9276859504132231,
      "prize": "450,000,000 ARGUE",
      "remainDays": 20,
      "isEnded": false,
      "ghostWallets": 1,
      "dailyRate": 123.65928221436484,
      "projectedRevenue": 2967.822773144756,
      "newParticipants": 0,
      "newRevenueUsd": 0
    },
    {
      "address": "0x28eda7a7e67da27d5e52f763ce9bfd6fdb31a745",
      "chain": "base",
      "ic": "0xfdf8c86f228a6b0c115ab9cf5c5b2f85b8778f0c",
      "title": "RALLY BETA IS LIVE , SAY IT LOUD",
      "creator": "rallyonchain",
      "participants": 393,
      "rallyUsers": 400,
      "revenueEth": 0.26230697392023267,
      "revenueUsd": 511.9261595119437,
      "failedTxs": 16,
      "failedUsd": 20.03862771746251,
      "avgScore": 1.326069651741294,
      "approved": 402,
      "rejected": 0,
      "approvalRate": 0.9781021897810219,
      "prize": "1,000 USDC",
      "remainDays": 6,
      "isEnded": false,
      "ghostWallets": 0,
      "dailyRate": 104.30832169198654,
      "projectedRevenue": 1147.391538611852,
      "newParticipants": 0,
      "newRevenueUsd": 0
    },
    {
      "address": "0x3618a1ef4ecc8041655418042c7951ad7cdbdbb4",
      "chain": "base",
      "ic": "0x3ff8239acd75ad0da013ca52eaab535027bd7380",
      "title": "Grvt 2.5",
      "creator": "grvt_io",
      "participants": 291,
      "rallyUsers": 233,
      "revenueEth": 0.2342824148369325,
      "revenueUsd": 457.23258926820256,
      "failedTxs": 20,
      "failedUsd": 24.990770885707196,
      "avgScore": 2.1354077253218944,
      "approved": 233,
      "rejected": 0,
      "approvalRate": 0.6383561643835617,
      "prize": "5,000 USDT",
      "remainDays": 10,
      "isEnded": false,
      "ghostWallets": 58,
      "dailyRate": 95.38572921554554,
      "projectedRevenue": 1335.4002090176375,
      "newParticipants": 0,
      "newRevenueUsd": 0
    },
    {
      "address": "0xb4c98221395ebb07e86498b827fc2866d58d4b7d",
      "chain": "base",
      "ic": "0xaf5a5b459f4371c1781e3b8456214cdd063eeba7",
      "title": "Code Runs, Disputes Don't. Enter Internet Court",
      "creator": "genlayer",
      "participants": 132,
      "rallyUsers": 143,
      "revenueEth": 0.0880902763688905,
      "revenueUsd": 171.91962606981778,
      "failedTxs": 8,
      "failedUsd": 9.980154584968767,
      "avgScore": 1.0562237762237767,
      "approved": 143,
      "rejected": 0,
      "approvalRate": 1.0592592592592593,
      "prize": "1,000 USDC",
      "remainDays": 21,
      "isEnded": false,
      "ghostWallets": 0,
      "dailyRate": 45.19941310433013,
      "projectedRevenue": 1084.785914503923,
      "newParticipants": 0,
      "newRevenueUsd": 0
    },
    {
      "address": "0xe9f3778b407e316074484bacf35c17f2a5058da9",
      "chain": "base",
      "ic": "0xb98feb296b811443ab9f845ad22105b8f8cc1d7e",
      "title": "Share, Refer, Earn Forever",
      "creator": "rallyonchain",
      "participants": 106,
      "rallyUsers": 105,
      "revenueEth": 0.07487179481438583,
      "revenueUsd": 146.12204091359982,
      "failedTxs": 8,
      "failedUsd": 10.408918250755443,
      "avgScore": 0.78984126984127,
      "approved": 105,
      "rejected": 0,
      "approvalRate": 0.9130434782608695,
      "prize": "50,000 RLP",
      "remainDays": 25,
      "isEnded": false,
      "ghostWallets": 1,
      "dailyRate": 38.41673255766842,
      "projectedRevenue": 1075.6685116147157,
      "newParticipants": 0,
      "newRevenueUsd": 0
    },
    {
      "address": "0x580bb20ac1b32ca6ad547a3cebb727df2cf4f5dd",
      "chain": "base",
      "ic": "0x34c19f6725a684b3e298c711ea6b32a0b6093e9a",
      "title": "BOTCHA: Prove You're Not a Human",
      "creator": "genlayer",
      "participants": 83,
      "rallyUsers": 90,
      "revenueEth": 0.05541833332027882,
      "revenueUsd": 108.15608185785575,
      "failedTxs": 7,
      "failedUsd": 8.738487962811055,
      "avgScore": 0.7101666666666668,
      "approved": 90,
      "rejected": 0,
      "approvalRate": 1.0344827586206897,
      "prize": "1,000 USDC",
      "remainDays": 22,
      "isEnded": false,
      "ghostWallets": 0,
      "dailyRate": 39.413853680123836,
      "projectedRevenue": 945.9324883229721,
      "newParticipants": 0,
      "newRevenueUsd": 0
    },
    {
      "address": "0xb2a82ae1f05fc293b2ecc1f288a77138f0c123f7",
      "chain": "zksync",
      "ic": "0x67b1c3288ce37f63b9c86ee4e0f5dd64f8c19377",
      "title": "The Bank Stack of Ethereum: Combining Institutional Privacy ",
      "creator": "zksync",
      "participants": 41,
      "rallyUsers": 41,
      "revenueEth": 0.04030293703540603,
      "revenueUsd": 78.65642100640947,
      "failedTxs": 5,
      "failedUsd": 6.149835201667735,
      "avgScore": 0.6253763440860219,
      "approved": 62,
      "rejected": 0,
      "approvalRate": 0.96875,
      "prize": "126,755 ZK",
      "remainDays": 13,
      "isEnded": false,
      "ghostWallets": 0,
      "dailyRate": 68.84351638000143,
      "projectedRevenue": 963.80922932002,
      "newParticipants": 32,
      "newRevenueUsd": 66.25769172744715
    },
    {
      "address": "0xba48dab75c908a1a8c23a83491bf677c46536844",
      "chain": "base",
      "ic": "0xfee8b7ea0b4976ac1014980be300f6efbda2b481",
      "title": "Fragments",
      "creator": "fragmentsorg",
      "participants": 8,
      "rallyUsers": 37,
      "revenueEth": 0.004942752352231615,
      "revenueUsd": 9.646423773185788,
      "failedTxs": 2,
      "failedUsd": 2.414903679620828,
      "avgScore": 2.166153846153847,
      "approved": 39,
      "rejected": 0,
      "approvalRate": 4.875,
      "prize": "5,000 USDC",
      "remainDays": 28,
      "isEnded": false,
      "ghostWallets": 0,
      "dailyRate": 11.048247836497374,
      "projectedRevenue": 309.35093942192645,
      "newParticipants": 0,
      "newRevenueUsd": 0
    },
    {
      "address": "0x19f310fb027ae264e4f1b5116beb995462a045e1",
      "chain": "base",
      "ic": "0x1d68b125ae0d60f3d57fe0b320c674788cb8056a",
      "title": "MergeProof: Ship With Confidence",
      "creator": "genlayer",
      "participants": 4,
      "rallyUsers": 17,
      "revenueEth": 0.002472074622248665,
      "revenueUsd": 4.824574995019162,
      "failedTxs": 0,
      "failedUsd": 0,
      "avgScore": 0.567037037037037,
      "approved": 18,
      "rejected": 0,
      "approvalRate": 4.5,
      "prize": "1,000 USDC",
      "remainDays": 28,
      "isEnded": false,
      "ghostWallets": 0,
      "dailyRate": 5.606696654039444,
      "projectedRevenue": 156.98750631310443,
      "newParticipants": 0,
      "newRevenueUsd": 0
    },
    {
      "address": "0xb071c021203849b19bb067300af36f57f6062671",
      "chain": "base",
      "ic": "0x901297c69e1c211f2d31370578b40c8e8f9bd09e",
      "title": "argue.fun",
      "creator": "arguedotfun",
      "participants": 2,
      "rallyUsers": 3,
      "revenueEth": 0.001302689941035015,
      "revenueUsd": 2.5423687696221666,
      "failedTxs": 0,
      "failedUsd": 0,
      "avgScore": 1.0777777777777777,
      "approved": 3,
      "rejected": 0,
      "approvalRate": 1.5,
      "prize": "450,000,000 ARGUE",
      "remainDays": 68,
      "isEnded": false,
      "ghostWallets": 0,
      "dailyRate": 0.6995709673908813,
      "projectedRevenue": 50.36910965214346,
      "newParticipants": 0,
      "newRevenueUsd": 0
    }
  ],
  "freeCampaigns": [
    {
      "title": "Grvt 2.5",