{
  "timestamp": "2026-02-28T11:18:31.691Z",
  "ethPrice": 1872.54,
  "feeCampaigns": [
    {
      "address": "0x28eda7a7e67da27d5e52f763ce9bfd6fdb31a745",
      "ic": "0xfdf8c86f228a6b0c115ab9cf5c5b2f85b8778f0c",
      "title": "RALLY BETA IS LIVE , SAY IT LOUD",
      "creator": "rallyonchain",
      "participants": 274,
      "rallyUsers": 274,
      "revenueEth": 0.18162606493155875,
      "revenueUsd": 340.10207162694104,
      "failedTxs": 11,
      "failedUsd": 13.227819855698034,
      "avgScore": 1.314763636363635,
      "approved": 275,
      "rejected": 0,
      "approvalRate": 0.9615384615384616,
      "prize": "1,000 USDC",
      "remainDays": 9,
      "isEnded": false,
      "ghostWallets": 0,
      "dailyRate": 189.72990745686909,
      "projectedRevenue": 2087.02898202556,
      "newParticipants": 0,
      "newRevenueUsd": 340.10207162694104
    },
    {
      "address": "0xa631c00ed87ed042eedd8bc2b34edd2798e64699",
      "ic": "0xd7cd88650ec7366664c0ee235bfc841408d29efa",
      "title": "Argumentation Markets Are the Next Primitive",
      "creator": "arguedotfun",
      "participants": 170,
      "rallyUsers": 157,
      "revenueEth": 0.17528613842800148,
      "revenueUsd": 328.2303056519699,
      "failedTxs": 15,
      "failedUsd": 18.138957654635007,
      "avgScore": 1.3499851851851854,
      "approved": 225,
      "rejected": 0,
      "approvalRate": 0.8211678832116789,
      "prize": "450,000,000 ARGUE",
      "remainDays": 23,
      "isEnded": false,
      "ghostWallets": 13,
      "dailyRate": 184.49849294114168,
      "projectedRevenue": 4427.9638305874005,
      "newParticipants": 0,
      "newRevenueUsd": 328.2303056519699
    },
    {
      "address": "0x3618a1ef4ecc8041655418042c7951ad7cdbdbb4",
      "ic": "0x3ff8239acd75ad0da013ca52eaab535027bd7380",
      "title": "Grvt 2.5",
      "creator": "grvt_io",
      "participants": 191,
      "rallyUsers": 128,
      "revenueEth": 0.14583053236848303,
      "revenueUsd": 273.0735050812792,
      "failedTxs": 12,
      "failedUsd": 14.267945701122256,
      "avgScore": 2.167265625000001,
      "approved": 128,
      "rejected": 0,
      "approvalRate": 0.5614035087719298,
      "prize": "5,000 USDT",
      "remainDays": 13,
      "isEnded": false,
      "ghostWallets": 63,
      "dailyRate": 162.7129026107051,
      "projectedRevenue": 2277.9806365498716,
      "newParticipants": 0,
      "newRevenueUsd": 273.0735050812792
    },
    {
      "address": "0xb4c98221395ebb07e86498b827fc2866d58d4b7d",
      "ic": "0xaf5a5b459f4371c1781e3b8456214cdd063eeba7",
      "title": "Code Runs, Disputes Don't. Enter Internet Court",
      "creator": "genlayer",
      "participants": 57,
      "rallyUsers": 55,
      "revenueEth": 0.03960835978709472,
      "revenueUsd": 74.16823803572635,
      "failedTxs": 2,
      "failedUsd": 2.452936184578261,
      "avgScore": 1.0616969696969698,
      "approved": 55,
      "rejected": 0,
      "approvalRate": 0.9166666666666666,
      "prize": "1,000 USDC",
      "remainDays": 24,
      "isEnded": false,
      "ghostWallets": 2,
      "dailyRate": 107.7520866399686,
      "projectedRevenue": 2586.0500793592464,
      "newParticipants": 1,
      "newRevenueUsd": 74.16823803572635
    },
    {
      "address": "0x6134c8f8ba6d9dff558fa937daaab559543fde04",
      "ic": "0x9ed594c010a2516312f4db64b500b2aa31d127cf",
      "title": "0x6134…de04",
      "creator": null,
      "participants": 3,
      "rallyUsers": 0,
      "revenueEth": 0.002484296382055222,
      "revenueUsd": 4.651944347253686,
      "failedTxs": 0,
      "failedUsd": 0,
      "avgScore": 0,
      "approved": 0,
      "rejected": 0,
      "approvalRate": null,
      "prize": null,
      "remainDays": null,
      "isEnded": null,
      "ghostWallets": 3,
      "dailyRate": 2.579783683756943,
      "projectedRevenue": null,
      "newParticipants": 0,
      "newRevenueUsd": 4.651944347253686
    },
    {
      "address": "0xb071c021203849b19bb067300af36f57f6062671",
      "ic": "0x901297c69e1c211f2d31370578b40c8e8f9bd09e",
      "title": "argue.fun",
      "creator": "arguedotfun",
      "participants": 1,
      "rallyUsers": 1,
      "revenueEth": 0.000657271749817161,
      "revenueUsd": 1.2307676424026266,
      "failedTxs": 0,
      "failedUsd": 0,
      "avgScore": 0.5333333333333333,
      "approved": 1,
      "rejected": 0,
      "approvalRate": 1,
      "prize": "450,000,000 ARGUE",
      "remainDays": 71,
      "isEnded": false,
      "ghostWallets": 0,
      "dailyRate": 2.3717647573664027,
      "projectedRevenue": 170.767062530381,
      "newParticipants": 0,
      "newRevenueUsd": 1.2307676424026266
    },
    {
      "address": "0xf3020fd6b86d98129fe1dd1a81943c736739c64a",
      "ic": "0x792946b568ded6ea340605ff44b6e9e497a93d6a",
      "title": "0xf302…c64a",
      "creator": null,
      "participants": 1,
      "rallyUsers": 0,
      "revenueEth": 0.000609720899043859,
      "revenueUsd": 1.1417267722955877,
      "failedTxs": 0,
      "failedUsd": 0,
      "avgScore": 0,
      "approved": 0,
      "rejected": 0,
      "approvalRate": null,
      "prize": null,
      "remainDays": null,
      "isEnded": null,
      "ghostWallets": 1,
      "dailyRate": 0.5937434479721038,
      "projectedRevenue": null,
      "newParticipants": 0,
      "newRevenueUsd": 1.1417267722955877
    },
    {
      "address": "0x882a9993c1f747fd6d38d15f2377a9a9706410e2",
      "ic": null,
      "title": "0x882a…10e2",
      "creator": null,
      "participants": 0,
      "rallyUsers": 0,
      "revenueEth": 0,
      "revenueUsd": 0,
      "failedTxs": 0,
      "failedUsd": 0,
      "avgScore": 0,
      "approved": 0,
      "rejected": 0,
      "approvalRate": null,
      "prize": null,
      "remainDays": null,
      "isEnded": null,
      "ghostWallets": 0,
      "dailyRate": null,
      "projectedRevenue": null,
      "newParticipants": 0,
      "newRevenueUsd": 0
    },
    {
      "address": "0x6388eede5c5affba5dfacc2ef8faa50a25259406",
      "ic": null,
      "title": "0x6388…9406",
      "creator": null,
      "participants": 0,
      "rallyUsers": 0,
      "revenueEth": 0,
      "revenueUsd": 0,
      "failedTxs": 0,
      "failedUsd": 0,
      "avgScore": 0,
      "approved": 0,
      "rejected": 0,
      "approvalRate": null,
      "prize": null,
      "remainDays": null,
      "isEnded": null,
      "ghostWallets": 0,
      "dailyRate": null,
      "projectedRevenue": null,
      "newParticipants": 0,
      "newRevenueUsd": 0
    },
    {
      "address": "0x91abf60462b771330457abc14c8085ae5d2b1788",
      "ic": null,
      "title": "0x91ab…1788",
      "creator": null,
      "participants": 0,
      "rallyUsers": 0,
      "revenueEth": 0,
      "revenueUsd": 0,
      "failedTxs": 0,
      "failedUsd": 0,
      "avgScore": 0,
      "approved": 0,
      "rejected": 0,
      "approvalRate": null,
      "prize": null,
      "remainDays": null,
      "isEnded": null,
      "ghostWallets": 0,
      "dailyRate": null,
      "projectedRevenue": null,
      "newParticipants": 0,
      "newRevenueUsd": 0
    },
    {
      "address": "0x2f0271f07781b844ad10cf749fba7c5b1c442de7",
      "ic": "0xad73b7b5b4b18038d6a46e0c5d55343dc3be96b1",
      "title": "0x2f02…2de7",
      "creator": null,
      "participants": 0,
      "rallyUsers": 0,
      "revenueEth": 0,
      "revenueUsd": 0,
      "failedTxs": 0,
      "failedUsd": 0,
      "avgScore": 0,
      "approved": 0,
      "rejected": 0,
      "approvalRate": null,
      "prize": null,
      "remainDays": null,
      "isEnded": null,
      "ghostWallets": 0,
      "dailyRate": null,
      "projectedRevenue": null,
      "newParticipants": 0,
      "newRevenueUsd": 0
    }
  ],
  "freeCampaigns": [
    {
      "title": "Grvt 2.5",
      "creator": "grvt_io",
      "remainDays": 13
    },
    {
      "title": "Code Runs, Disputes Don't. Enter Internet Court",
      "creator": "genlayer",