{
  "timestamp": "2026-03-03T14:43:11.353Z",
  "ethPrice": 1961.58,
  "feeCampaigns": [
    {
      "address": "0xa631c00ed87ed042eedd8bc2b34edd2798e64699",
      "chain": "base",
      "ic": "0xd7cd88650ec7366664c0ee235bfc841408d29efa",
      "title": "Argumentation Markets Are the Next Primitive",
      "creator": "arguedotfun",
      "participants": 258,
      "rallyUsers": 255,
      "revenueEth": 0.31260912890617276,
      "revenueUsd": 613.2078150797704,
      "failedTxs": 28,
      "failedUsd": 35.44770143983019,
      "avgScore": 1.3504444444444486,
      "approved": 450,
      "rejected": 0,
      "approvalRate": 0.9221311475409836,
      "prize": "450,000,000 ARGUE",
      "remainDays": 20,
      "isEnded": false,
      "ghostWallets": 3,
      "dailyRate": 124.62689073346294,
      "projectedRevenue": 2991.045377603111,
      "newParticipants": 1,
      "newRevenueUsd": 3.6794980812600517
    },
    {
      "address": "0x28eda7a7e67da27d5e52f763ce9bfd6fdb31a745",
      "chain": "base",
      "ic": "0xfdf8c86f228a6b0c115ab9cf5c5b2f85b8778f0c",
      "title": "RALLY BETA IS LIVE , SAY IT LOUD",
      "creator": "rallyonchain",
      "participants": 394,
      "rallyUsers": 401,
      "revenueEth": 0.2629328797951093,
      "revenueUsd": 515.7638783484905,
      "failedTxs": 16,
      "failedUsd": 20.14079070214134,
      "avgScore": 1.3260545905707202,
      "approved": 403,
      "rejected": 0,
      "approvalRate": 0.9781553398058253,
      "prize": "1,000 USDC",
      "remainDays": 6,
      "isEnded": false,
      "ghostWallets": 0,
      "dailyRate": 104.53540988076442,
      "projectedRevenue": 1149.8895086884086,
      "newParticipants": 1,
      "newRevenueUsd": 1.2277644460405455
    },
    {
      "address": "0x3618a1ef4ecc8041655418042c7951ad7cdbdbb4",
      "chain": "base",
      "ic": "0x3ff8239acd75ad0da013ca52eaab535027bd7380",
      "title": "Grvt 2.5",
      "creator": "grvt_io",
      "participants": 293,
      "rallyUsers": 235,
      "revenueEth": 0.23553447701757899,
      "revenueUsd": 462.0197194281426,
      "failedTxs": 20,
      "failedUsd": 25.118181394006815,
      "avgScore": 2.1334468085106444,
      "approved": 235,
      "rejected": 0,
      "approvalRate": 0.6403269754768393,
      "prize": "5,000 USDT",
      "remainDays": 10,
      "isEnded": false,
      "ghostWallets": 58,
      "dailyRate": 95.8634226970134,
      "projectedRevenue": 1342.0879177581876,
      "newParticipants": 2,
      "newRevenueUsd": 2.4560201323125535
    },
    {
      "address": "0xb4c98221395ebb07e86498b827fc2866d58d4b7d",
      "chain": "base",
      "ic": "0xaf5a5b459f4371c1781e3b8456214cdd063eeba7",
      "title": "Code Runs, Disputes Don't. Enter Internet Court",
      "creator": "genlayer",
      "participants": 136,
      "rallyUsers": 143,
      "revenueEth": 0.09057351720155717,
      "revenueUsd": 177.6671998722305,
      "failedTxs": 8,
      "failedUsd": 10.031036431487031,
      "avgScore": 1.0562237762237767,
      "approved": 143,
      "rejected": 0,
      "approvalRate": 1.0287769784172662,
      "prize": "1,000 USDC",
      "remainDays": 21,
      "isEnded": false,
      "ghostWallets": 0,
      "dailyRate": 46.39276586001446,
      "projectedRevenue": 1113.426380640347,
      "newParticipants": 4,
      "newRevenueUsd": 4.871075552542285
    },
    {
      "address": "0xe9f3778b407e316074484bacf35c17f2a5058da9",
      "chain": "base",
      "ic": "0xb98feb296b811443ab9f845ad22105b8f8cc1d7e",
      "title": "Share, Refer, Earn Forever",
      "creator": "rallyonchain",
      "participants": 107,
      "rallyUsers": 106,
      "revenueEth": 0.0761236692296569,
      "revenueUsd": 149.32266708751035,
      "failedTxs": 11,
      "failedUsd": 14.133052297964067,
      "avgScore": 0.7900314465408806,
      "approved": 106,
      "rejected": 0,
      "approvalRate": 0.905982905982906,
      "prize": "50,000 RLP",
      "remainDays": 25,
      "isEnded": false,
      "ghostWallets": 1,
      "dailyRate": 38.99115685902786,
      "projectedRevenue": 1091.7523920527801,
      "newParticipants": 1,
      "newRevenueUsd": 2.4556518155074207
    },
    {
      "address": "0x580bb20ac1b32ca6ad547a3cebb727df2cf4f5dd",
      "chain": "base",
      "ic": "0x34c19f6725a684b3e298c711ea6b32a0b6093e9a",
      "title": "BOTCHA: Prove You're Not a Human",
      "creator": "genlayer",
      "participants": 83,
      "rallyUsers": 90,
      "revenueEth": 0.05541833332027882,
      "revenueUsd": 108.70749427439252,
      "failedTxs": 7,
      "failedUsd": 8.783039417354166,
      "avgScore": 0.7101666666666668,
      "approved": 90,
      "rejected": 0,
      "approvalRate": 1.0344827586206897,
      "prize": "1,000 USDC",
      "remainDays": 22,
      "isEnded": false,
      "ghostWallets": 0,
      "dailyRate": 39.24225999236388,
      "projectedRevenue": 941.8142398167331,
      "newParticipants": 0,
      "newRevenueUsd": 0
    },
    {
      "address": "0xb2a82ae1f05fc293b2ecc1f288a77138f0c123f7",
      "chain": "zksync",
      "ic": "0x67b1c3288ce37f63b9c86ee4e0f5dd64f8c19377",
      "title": "The Bank Stack of Ethereum: Combining Institutional Privacy ",
      "creator": "zksync",
      "participants": 44,
      "rallyUsers": 43,
      "revenueEth": 0.042844141931613275,
      "revenueUsd": 84.04221193021397,
      "failedTxs": 5,
      "failedUsd": 6.181188921510428,
      "avgScore": 0.627435897435898,
      "approved": 65,
      "rejected": 0,
      "approvalRate": 0.9558823529411765,
      "prize": "126,755 ZK",
      "remainDays": 13,
      "isEnded": false,
      "ghostWallets": 1,
      "dailyRate": 71.91762744334063,
      "projectedRevenue": 1006.8467842067689,
      "newParticipants": 3,
      "newRevenueUsd": 4.984776700302208
    },
    {
      "address": "0xba48dab75c908a1a8c23a83491bf677c46536844",
      "chain": "base",
      "ic": "0xfee8b7ea0b4976ac1014980be300f6efbda2b481",
      "title": "Fragments",
      "creator": "fragmentsorg",
      "participants": 11,
      "rallyUsers": 40,
      "revenueEth": 0.006815613650852449,
      "revenueUsd": 13.369371425239146,
      "failedTxs": 2,
      "failedUsd": 2.427215588954168,
      "avgScore": 2.1592857142857147,
      "approved": 42,
      "rejected": 0,
      "approvalRate": 3.8181818181818183,
      "prize": "5,000 USDC",
      "remainDays": 28,
      "isEnded": false,
      "ghostWallets": 0,
      "dailyRate": 14.868592613457528,
      "projectedRevenue": 416.3205931768108,
      "newParticipants": 2,
      "newRevenueUsd": 2.4570025769292196
    },
    {
      "address": "0x19f310fb027ae264e4f1b5116beb995462a045e1",
      "chain": "base",
      "ic": "0x1d68b125ae0d60f3d57fe0b320c674788cb8056a",
      "title": "MergeProof: Ship With Confidence",
      "creator": "genlayer",
      "participants": 4,
      "rallyUsers": 20,
      "revenueEth": 0.002472074622248665,
      "revenueUsd": 4.849172137510536,
      "failedTxs": 0,
      "failedUsd": 0,
      "avgScore": 0.5603174603174603,
      "approved": 21,
      "rejected": 0,
      "approvalRate": 5.25,
      "prize": "1,000 USDC",
      "remainDays": 28,
      "isEnded": false,
      "ghostWallets": 0,
      "dailyRate": 5.469693264991622,
      "projectedRevenue": 153.15141141976542,
      "newParticipants": 0,
      "newRevenueUsd": 0
    },
    {
      "address": "0xb071c021203849b19bb067300af36f57f6062671",
      "chain": "base",
      "ic": "0x901297c69e1c211f2d31370578b40c8e8f9bd09e",
      "title": "argue.fun",
      "creator": "arguedotfun",
      "participants": 2,
      "rallyUsers": 3,
      "revenueEth": 0.001302689941035015,
      "revenueUsd": 2.5553305345354644,
      "failedTxs": 0,
      "failedUsd": 0,
      "avgScore": 1.0777777777777777,
      "approved": 3,
      "rejected": 0,
      "approvalRate": 1.5,
      "prize": "450,000,000 ARGUE",
      "remainDays": 68,
      "isEnded": false,
      "ghostWallets": 0,
      "dailyRate": 0.6981332208476666,