{
  "timestamp": "2026-03-03T11:11:25.605Z",
  "ethPrice": 1958.81,
  "feeCampaigns": [
    {
      "address": "0xa631c00ed87ed042eedd8bc2b34edd2798e64699",
      "chain": "base",
      "ic": "0xd7cd88650ec7366664c0ee235bfc841408d29efa",
      "title": "Argumentation Markets Are the Next Primitive",
      "creator": "arguedotfun",
      "participants": 256,
      "rallyUsers": 233,
      "revenueEth": 0.3101127996464857,
      "revenueUsd": 607.4520530755326,
      "failedTxs": 28,
      "failedUsd": 35.39764478499667,
      "avgScore": 1.3501941747572859,
      "approved": 412,
      "rejected": 0,
      "approvalRate": 0.8512396694214877,
      "prize": "450,000,000 ARGUE",
      "remainDays": 20,
      "isEnded": false,
      "ghostWallets": 23,
      "dailyRate": 127.24637937856606,
      "projectedRevenue": 3053.9131050855854,
      "newParticipants": 0,
      "newRevenueUsd": 0
    },
    {
      "address": "0x28eda7a7e67da27d5e52f763ce9bfd6fdb31a745",
      "chain": "base",
      "ic": "0xfdf8c86f228a6b0c115ab9cf5c5b2f85b8778f0c",
      "title": "RALLY BETA IS LIVE , SAY IT LOUD",
      "creator": "rallyonchain",
      "participants": 393,
      "rallyUsers": 393,
      "revenueEth": 0.26230697392023267,
      "revenueUsd": 513.809523584691,
      "failedTxs": 16,
      "failedUsd": 20.112349348617688,
      "avgScore": 1.324492385786803,
      "approved": 394,
      "rejected": 0,
      "approvalRate": 0.9586374695863747,
      "prize": "1,000 USDC",
      "remainDays": 6,
      "isEnded": false,
      "ghostWallets": 0,
      "dailyRate": 107.32662742046914,
      "projectedRevenue": 1180.5929016251605,
      "newParticipants": 0,
      "newRevenueUsd": 0
    },
    {
      "address": "0x3618a1ef4ecc8041655418042c7951ad7cdbdbb4",
      "chain": "base",
      "ic": "0x3ff8239acd75ad0da013ca52eaab535027bd7380",
      "title": "Grvt 2.5",
      "creator": "grvt_io",
      "participants": 291,
      "rallyUsers": 223,
      "revenueEth": 0.2342824148369325,
      "revenueUsd": 458.91473700673174,
      "failedTxs": 20,
      "failedUsd": 25.082711332902296,
      "avgScore": 2.141300448430499,
      "approved": 223,
      "rejected": 0,
      "approvalRate": 0.6109589041095891,
      "prize": "5,000 USDT",
      "remainDays": 10,
      "isEnded": false,
      "ghostWallets": 68,
      "dailyRate": 98.20477787825197,
      "projectedRevenue": 1374.8668902955276,
      "newParticipants": 0,
      "newRevenueUsd": 0
    },
    {
      "address": "0x4653fa360f40073e56acffe31f552fba14adf8b4",
      "chain": "zksync",
      "ic": "0x30f07a5a536323a2cecd99fef84cf088dbaa1531",
      "title": "zkSync Era Campaign",
      "creator": "zkSync",
      "participants": 1,
      "rallyUsers": 0,
      "revenueEth": 0.10136681576720323,
      "revenueUsd": 198.55833239295535,
      "failedTxs": 0,
      "failedUsd": 0,
      "avgScore": 0,
      "approved": 0,
      "rejected": 0,
      "approvalRate": null,
      "prize": null,
      "remainDays": null,
      "isEnded": null,
      "ghostWallets": 1,
      "dailyRate": 510.03889927988524,
      "projectedRevenue": null,
      "newParticipants": 0,
      "newRevenueUsd": 0
    },
    {
      "address": "0xb4c98221395ebb07e86498b827fc2866d58d4b7d",
      "chain": "base",
      "ic": "0xaf5a5b459f4371c1781e3b8456214cdd063eeba7",
      "title": "Code Runs, Disputes Don't. Enter Internet Court",
      "creator": "genlayer",
      "participants": 132,
      "rallyUsers": 127,
      "revenueEth": 0.0880902763688905,
      "revenueUsd": 172.5521142541464,
      "failedTxs": 8,
      "failedUsd": 10.016871334516619,
      "avgScore": 1.0444356955380572,
      "approved": 127,
      "rejected": 0,
      "approvalRate": 0.9407407407407408,
      "prize": "1,000 USDC",
      "remainDays": 21,
      "isEnded": false,
      "ghostWallets": 5,
      "dailyRate": 46.84959088235837,
      "projectedRevenue": 1124.390181176601,
      "newParticipants": 0,
      "newRevenueUsd": 0
    },
    {
      "address": "0x4653fa360f40073e56acffe31f552fba14adf8b4",
      "chain": "base",
      "ic": null,
      "title": "zkSync Era Campaign",
      "creator": "zkSync",
      "participants": 1,
      "rallyUsers": 0,
      "revenueEth": 0.06,
      "revenueUsd": 117.5286,
      "failedTxs": 0,
      "failedUsd": 0,
      "avgScore": 0,
      "approved": 0,
      "rejected": 0,
      "approvalRate": null,
      "prize": null,
      "remainDays": null,
      "isEnded": null,
      "ghostWallets": 1,
      "dailyRate": 22.13486709991272,
      "projectedRevenue": null,
      "newParticipants": 0,
      "newRevenueUsd": 0
    },
    {
      "address": "0x580bb20ac1b32ca6ad547a3cebb727df2cf4f5dd",
      "chain": "base",
      "ic": "0x34c19f6725a684b3e298c711ea6b32a0b6093e9a",
      "title": "BOTCHA: Prove You're Not a Human",
      "creator": "genlayer",
      "participants": 83,
      "rallyUsers": 81,
      "revenueEth": 0.05541833332027882,
      "revenueUsd": 108.55398549109535,
      "failedTxs": 7,
      "failedUsd": 8.770636650612014,
      "avgScore": 0.7114814814814817,
      "approved": 81,
      "rejected": 0,
      "approvalRate": 0.9310344827586207,
      "prize": "1,000 USDC",
      "remainDays": 22,
      "isEnded": false,
      "ghostWallets": 2,
      "dailyRate": 41.375325377626055,
      "projectedRevenue": 993.0078090630253,
      "newParticipants": 0,
      "newRevenueUsd": 0
    },
    {
      "address": "0xba48dab75c908a1a8c23a83491bf677c46536844",
      "chain": "base",
      "ic": "0xfee8b7ea0b4976ac1014980be300f6efbda2b481",
      "title": "Fragments",
      "creator": "fragmentsorg",
      "participants": 8,
      "rallyUsers": 12,
      "revenueEth": 0.004942752352231615,
      "revenueUsd": 9.68191273507481,
      "failedTxs": 2,
      "failedUsd": 2.423788052385992,
      "avgScore": 2.0950000000000006,
      "approved": 12,
      "rejected": 0,
      "approvalRate": 1.5,
      "prize": "5,000 USDC",
      "remainDays": 28,
      "isEnded": false,
      "ghostWallets": 0,
      "dailyRate": 12.863845719807257,
      "projectedRevenue": 360.1876801546032,
      "newParticipants": 0,
      "newRevenueUsd": 0
    },
    {
      "address": "0x6134c8f8ba6d9dff558fa937daaab559543fde04",
      "chain": "base",
      "ic": "0x9ed594c010a2516312f4db64b500b2aa31d127cf",
      "title": "0x6134…de04",
      "creator": null,
      "participants": 3,
      "rallyUsers": 0,
      "revenueEth": 0.002484296382055222,
      "revenueUsd": 4.86626459613359,
      "failedTxs": 0,
      "failedUsd": 0,
      "avgScore": 0,
      "approved": 0,
      "rejected": 0,
      "approvalRate": null,
      "prize": null,
      "remainDays": null,
      "isEnded": null,
      "ghostWallets": 3,
      "dailyRate": 1.0142244112963206,
      "projectedRevenue": null,
      "newParticipants": 0,
      "newRevenueUsd": 0
    },
    {
      "address": "0x19f310fb027ae264e4f1b5116beb995462a045e1",
      "chain": "base",
      "ic": "0x1d68b125ae0d60f3d57fe0b320c674788cb8056a",
      "title": "MergeProof: Ship With Confidence",
      "creator": "genlayer",
      "participants": 4,
      "rallyUsers": 6,
      "revenueEth": 0.002472074622248665,
      "revenueUsd": 4.842324490806907,
      "failedTxs": 0,
      "failedUsd": 0,
      "avgScore": 0.5233333333333333,
      "approved": 6,
      "rejected": 0,
      "approvalRate": 1.5,
      "prize": "1,000 USDC",
      "remainDays": 28,
      "isEnded": false,
      "ghostWallets": 0,
      "dailyRate": 6.543420564258583,
      "projectedRevenue": 183.21577579924033,
      "newParticipants": 0,
      "newRevenueUsd": 0
    },
    {
      "address": "0xb071c021203849b19bb067300af36f57f6062671",
      "chain": "base",
      "ic": "0x901297c69e1c211f2d31370578b40c8e8f9bd09e",
      "title": "argue.fun",
      "creator": "arguedotfun",
      "participants": 2,
      "rallyUsers": 2,
      "revenueEth": 0.001302689941035015,
      "revenueUsd": 2.5517220833987975,
      "failedTxs": 0,
      "failedUsd": 0,