{
  "timestamp": "2026-03-01T10:51:41.215Z",
  "ethPrice": 1984.1,
  "feeCampaigns": [
    {
      "address": "0xa631c00ed87ed042eedd8bc2b34edd2798e64699",
      "ic": "0xd7cd88650ec7366664c0ee235bfc841408d29efa",
      "title": "Argumentation Markets Are the Next Primitive",
      "creator": "arguedotfun",
      "participants": 205,
      "rallyUsers": 185,
      "revenueEth": 0.22447757512090116,
      "revenueUsd": 445.38595679738,
      "failedTxs": 15,
      "failedUsd": 19.219619277858584,
      "avgScore": 1.3535222222222276,
      "approved": 300,
      "rejected": 0,
      "approvalRate": 0.8571428571428571,
      "prize": "450,000,000 ARGUE",
      "remainDays": 22,
      "isEnded": false,
      "ghostWallets": 20,
      "dailyRate": 161.36165664388648,
      "projectedRevenue": 3872.6797594532754,
      "newParticipants": 0,
      "newRevenueUsd": 2.5225154989719605
    },
    {
      "address": "0x28eda7a7e67da27d5e52f763ce9bfd6fdb31a745",
      "ic": "0xfdf8c86f228a6b0c115ab9cf5c5b2f85b8778f0c",
      "title": "RALLY BETA IS LIVE , SAY IT LOUD",
      "creator": "rallyonchain",
      "participants": 333,
      "rallyUsers": 334,
      "revenueEth": 0.2213736994886098,
      "revenueUsd": 439.22755715535067,
      "failedTxs": 14,
      "failedUsd": 17.844957991728073,
      "avgScore": 1.3201492537313435,
      "approved": 335,
      "rejected": 0,
      "approvalRate": 0.9654178674351584,
      "prize": "1,000 USDC",
      "remainDays": 8,
      "isEnded": false,
      "ghostWallets": 0,
      "dailyRate": 158.35491542091867,
      "projectedRevenue": 1741.9040696301054,
      "newParticipants": 0,
      "newRevenueUsd": 0
    },
    {
      "address": "0x3618a1ef4ecc8041655418042c7951ad7cdbdbb4",
      "ic": "0x3ff8239acd75ad0da013ca52eaab535027bd7380",
      "title": "Grvt 2.5",
      "creator": "grvt_io",
      "participants": 240,
      "rallyUsers": 173,
      "revenueEth": 0.18931378797256396,
      "revenueUsd": 375.6174867163641,
      "failedTxs": 15,
      "failedUsd": 19.108356337756877,
      "avgScore": 2.158265895953761,
      "approved": 173,
      "rejected": 0,
      "approvalRate": 0.5864406779661017,
      "prize": "5,000 USDT",
      "remainDays": 12,
      "isEnded": false,
      "ghostWallets": 67,
      "dailyRate": 141.24222911110647,
      "projectedRevenue": 1977.3912075554906,
      "newParticipants": 0,
      "newRevenueUsd": 0
    },
    {
      "address": "0xb4c98221395ebb07e86498b827fc2866d58d4b7d",
      "ic": "0xaf5a5b459f4371c1781e3b8456214cdd063eeba7",
      "title": "Code Runs, Disputes Don't. Enter Internet Court",
      "creator": "genlayer",
      "participants": 96,
      "rallyUsers": 95,
      "revenueEth": 0.06501725019960086,
      "revenueUsd": 129.00072612102807,
      "failedTxs": 6,
      "failedUsd": 7.6031570998717495,
      "avgScore": 1.0435789473684212,
      "approved": 95,
      "rejected": 0,
      "approvalRate": 0.9595959595959596,
      "prize": "1,000 USDC",
      "remainDays": 23,
      "isEnded": false,
      "ghostWallets": 1,
      "dailyRate": 77.27117977005108,
      "projectedRevenue": 1854.5083144812259,
      "newParticipants": 0,
      "newRevenueUsd": 0
    },
    {
      "address": "0x580bb20ac1b32ca6ad547a3cebb727df2cf4f5dd",
      "ic": "0x34c19f6725a684b3e298c711ea6b32a0b6093e9a",
      "title": "BOTCHA: Prove You're Not a Human",
      "creator": "genlayer",
      "participants": 26,
      "rallyUsers": 20,
      "revenueEth": 0.01704980421623233,
      "revenueUsd": 33.82851654542656,
      "failedTxs": 2,
      "failedUsd": 2.5335089994732867,
      "avgScore": 0.7327500000000003,
      "approved": 20,
      "rejected": 0,
      "approvalRate": 0.7407407407407407,
      "prize": "1,000 USDC",
      "remainDays": 24,
      "isEnded": false,
      "ghostWallets": 6,
      "dailyRate": 55.45776617706951,
      "projectedRevenue": 1330.9863882496682,
      "newParticipants": 26,
      "newRevenueUsd": 33.82851654542656
    },
    {
      "address": "0x6134c8f8ba6d9dff558fa937daaab559543fde04",
      "ic": "0x9ed594c010a2516312f4db64b500b2aa31d127cf",
      "title": "0x6134…de04",
      "creator": null,
      "participants": 3,
      "rallyUsers": 0,
      "revenueEth": 0.002484296382055222,
      "revenueUsd": 4.929092451635766,
      "failedTxs": 0,
      "failedUsd": 0,
      "avgScore": 0,
      "approved": 0,
      "rejected": 0,
      "approvalRate": null,
      "prize": null,
      "remainDays": null,
      "isEnded": null,
      "ghostWallets": 3,
      "dailyRate": 1.7702771577610605,
      "projectedRevenue": null,
      "newParticipants": 0,
      "newRevenueUsd": 0
    },
    {
      "address": "0xb071c021203849b19bb067300af36f57f6062671",
      "ic": "0x901297c69e1c211f2d31370578b40c8e8f9bd09e",
      "title": "argue.fun",
      "creator": "arguedotfun",
      "participants": 1,
      "rallyUsers": 1,
      "revenueEth": 0.000657271749817161,
      "revenueUsd": 1.304092878812229,
      "failedTxs": 0,
      "failedUsd": 0,
      "avgScore": 0.5333333333333333,
      "approved": 1,
      "rejected": 0,
      "approvalRate": 1,
      "prize": "450,000,000 ARGUE",
      "remainDays": 70,
      "isEnded": false,
      "ghostWallets": 0,
      "dailyRate": 0.8693625374095806,
      "projectedRevenue": 62.5941026934898,
      "newParticipants": 0,
      "newRevenueUsd": 0
    },
    {
      "address": "0xf3020fd6b86d98129fe1dd1a81943c736739c64a",
      "ic": "0x792946b568ded6ea340605ff44b6e9e497a93d6a",
      "title": "0xf302…c64a",
      "creator": null,
      "participants": 1,
      "rallyUsers": 0,
      "revenueEth": 0.000609720899043859,
      "revenueUsd": 1.2097472357929206,
      "failedTxs": 0,
      "failedUsd": 0,
      "avgScore": 0,
      "approved": 0,
      "rejected": 0,
      "approvalRate": null,
      "prize": null,
      "remainDays": null,
      "isEnded": null,
      "ghostWallets": 1,
      "dailyRate": 0.41657086540934746,
      "projectedRevenue": null,
      "newParticipants": 0,
      "newRevenueUsd": 0
    },
    {
      "address": "0x882a9993c1f747fd6d38d15f2377a9a9706410e2",
      "ic": null,
      "title": "0x882a…10e2",
      "creator": null,
      "participants": 0,
      "rallyUsers": 0,
      "revenueEth": 0,
      "revenueUsd": 0,
      "failedTxs": 0,
      "failedUsd": 0,
      "avgScore": 0,
      "approved": 0,
      "rejected": 0,
      "approvalRate": null,
      "prize": null,
      "remainDays": null,
      "isEnded": null,
      "ghostWallets": 0,
      "dailyRate": null,
      "projectedRevenue": null,
      "newParticipants": 0,
      "newRevenueUsd": 0
    },
    {
      "address": "0x6388eede5c5affba5dfacc2ef8faa50a25259406",
      "ic": null,
      "title": "0x6388…9406",
      "creator": null,
      "participants": 0,
      "rallyUsers": 0,
      "revenueEth": 0,
      "revenueUsd": 0,
      "failedTxs": 0,
      "failedUsd": 0,
      "avgScore": 0,
      "approved": 0,
      "rejected": 0,
      "approvalRate": null,
      "prize": null,
      "remainDays": null,
      "isEnded": null,
      "ghostWallets": 0,
      "dailyRate": null,
      "projectedRevenue": null,
      "newParticipants": 0,
      "newRevenueUsd": 0
    },
    {
      "address": "0x91abf60462b771330457abc14c8085ae5d2b1788",
      "ic": null,
      "title": "0x91ab…1788",
      "creator": null,
      "participants": 0,
      "rallyUsers": 0,
      "revenueEth": 0,
      "revenueUsd": 0,
      "failedTxs": 0,
      "failedUsd": 0,
      "avgScore": 0,
      "approved": 0,
      "rejected": 0,
      "approvalRate": null,
      "prize": null,
      "remainDays": null,
      "isEnded": null,
      "ghostWallets": 0,
      "dailyRate": null,
      "projectedRevenue": null,
      "newParticipants": 0,
      "newRevenueUsd": 0
    },
    {
      "address": "0x2f0271f07781b844ad10cf749fba7c5b1c442de7",
      "ic": "0xad73b7b5b4b18038d6a46e0c5d55343dc3be96b1",
      "title": "0x2f02…2de7",
      "creator": null,
      "participants": 0,