{
  "timestamp": "2026-02-28T11:03:57.971Z",
  "ethPrice": 1865.72,
  "feeCampaigns": [
    {
      "address": "0x3618a1ef4ecc8041655418042c7951ad7cdbdbb4",
      "ic": "0x3ff8239acd75ad0da013ca52eaab535027bd7380",
      "title": "Grvt 2.5",
      "creator": "grvt_io",
      "participants": 122,
      "rallyUsers": 127,
      "revenueEth": 0.09297421738836464,
      "revenueUsd": 173.46385686581968,
      "failedTxs": 7,
      "failedUsd": 8.420907844925996,
      "avgScore": 2.165196850393702,
      "approved": 127,
      "rejected": 0,
      "approvalRate": 0.8881118881118881,
      "prize": "5,000 USDT",
      "remainDays": 13,
      "isEnded": false,
      "ghostWallets": 0,
      "dailyRate": 170.5403278449633,
      "projectedRevenue": 2387.564589829486,
      "newParticipants": 0,
      "newRevenueUsd": 0
    },
    {
      "address": "0xa631c00ed87ed042eedd8bc2b34edd2798e64699",
      "ic": "0xd7cd88650ec7366664c0ee235bfc841408d29efa",
      "title": "Argumentation Markets Are the Next Primitive",
      "creator": "arguedotfun",
      "participants": 95,
      "rallyUsers": 155,
      "revenueEth": 0.09211501226950505,
      "revenueUsd": 171.86082069146096,
      "failedTxs": 9,
      "failedUsd": 11.047120953307466,
      "avgScore": 1.3482282282282285,
      "approved": 222,
      "rejected": 0,
      "approvalRate": 1.574468085106383,
      "prize": "450,000,000 ARGUE",
      "remainDays": 23,
      "isEnded": false,
      "ghostWallets": 0,
      "dailyRate": 187.65244031856417,
      "projectedRevenue": 4503.65856764554,
      "newParticipants": 0,
      "newRevenueUsd": 0.00866267415451861
    },
    {
      "address": "0x28eda7a7e67da27d5e52f763ce9bfd6fdb31a745",
      "ic": "0xfdf8c86f228a6b0c115ab9cf5c5b2f85b8778f0c",
      "title": "RALLY BETA IS LIVE , SAY IT LOUD",
      "creator": "rallyonchain",
      "participants": 138,
      "rallyUsers": 274,
      "revenueEth": 0.09121456001106935,
      "revenueUsd": 170.18082890385233,
      "failedTxs": 9,
      "failedUsd": 10.848195599599359,
      "avgScore": 1.314763636363635,
      "approved": 275,
      "rejected": 0,
      "approvalRate": 1.950354609929078,
      "prize": "1,000 USDC",
      "remainDays": 9,
      "isEnded": false,
      "ghostWallets": 0,
      "dailyRate": 155.14221032317457,
      "projectedRevenue": 1706.5643135549203,
      "newParticipants": 0,
      "newRevenueUsd": 0
    },
    {
      "address": "0xb4c98221395ebb07e86498b827fc2866d58d4b7d",
      "ic": "0xaf5a5b459f4371c1781e3b8456214cdd063eeba7",
      "title": "Code Runs, Disputes Don't. Enter Internet Court",
      "creator": "genlayer",
      "participants": 56,
      "rallyUsers": 55,
      "revenueEth": 0.03893215488789331,
      "revenueUsd": 72.63650001744031,
      "failedTxs": 2,
      "failedUsd": 2.4440023167950233,
      "avgScore": 1.0616969696969698,
      "approved": 55,
      "rejected": 0,
      "approvalRate": 0.9322033898305084,
      "prize": "1,000 USDC",
      "remainDays": 24,
      "isEnded": false,
      "ghostWallets": 1,
      "dailyRate": 107.08972848784114,
      "projectedRevenue": 2570.153483708187,
      "newParticipants": 0,
      "newRevenueUsd": 0
    },
    {
      "address": "0x6134c8f8ba6d9dff558fa937daaab559543fde04",
      "ic": "0x9ed594c010a2516312f4db64b500b2aa31d127cf",
      "title": "0x6134…de04",
      "creator": null,
      "participants": 3,
      "rallyUsers": 0,
      "revenueEth": 0.002484296382055222,
      "revenueUsd": 4.635001445928069,
      "failedTxs": 0,
      "failedUsd": 0,
      "avgScore": 0,
      "approved": 0,
      "rejected": 0,
      "approvalRate": null,
      "prize": null,
      "remainDays": null,
      "isEnded": null,
      "ghostWallets": 3,
      "dailyRate": 2.5847879452878275,
      "projectedRevenue": null,
      "newParticipants": 0,
      "newRevenueUsd": 0
    },
    {
      "address": "0xb071c021203849b19bb067300af36f57f6062671",
      "ic": "0x901297c69e1c211f2d31370578b40c8e8f9bd09e",
      "title": "argue.fun",
      "creator": "arguedotfun",
      "participants": 1,
      "rallyUsers": 1,
      "revenueEth": 0.000657271749817161,
      "revenueUsd": 1.2262850490688737,
      "failedTxs": 0,
      "failedUsd": 0,
      "avgScore": 0.5333333333333333,
      "approved": 1,
      "rejected": 0,
      "approvalRate": 1,
      "prize": "450,000,000 ARGUE",
      "remainDays": 71,
      "isEnded": false,
      "ghostWallets": 0,
      "dailyRate": 2.4097779639066,
      "projectedRevenue": 173.5040134012752,
      "newParticipants": 0,
      "newRevenueUsd": 0
    },
    {
      "address": "0xf3020fd6b86d98129fe1dd1a81943c736739c64a",
      "ic": "0x792946b568ded6ea340605ff44b6e9e497a93d6a",
      "title": "0xf302…c64a",
      "creator": null,
      "participants": 1,
      "rallyUsers": 0,
      "revenueEth": 0.000609720899043859,
      "revenueUsd": 1.1375684757641087,
      "failedTxs": 0,
      "failedUsd": 0,
      "avgScore": 0,
      "approved": 0,
      "rejected": 0,
      "approvalRate": null,
      "prize": null,
      "remainDays": null,
      "isEnded": null,
      "ghostWallets": 1,
      "dailyRate": 0.5946878026812682,
      "projectedRevenue": null,
      "newParticipants": 0,
      "newRevenueUsd": 0
    },
    {
      "address": "0x882a9993c1f747fd6d38d15f2377a9a9706410e2",
      "ic": null,
      "title": "0x882a…10e2",
      "creator": null,
      "participants": 0,
      "rallyUsers": 0,
      "revenueEth": 0,
      "revenueUsd": 0,
      "failedTxs": 0,
      "failedUsd": 0,
      "avgScore": 0,
      "approved": 0,
      "rejected": 0,
      "approvalRate": null,
      "prize": null,
      "remainDays": null,
      "isEnded": null,
      "ghostWallets": 0,
      "dailyRate": null,
      "projectedRevenue": null,
      "newParticipants": 0,
      "newRevenueUsd": 0
    },
    {
      "address": "0x6388eede5c5affba5dfacc2ef8faa50a25259406",
      "ic": null,
      "title": "0x6388…9406",
      "creator": null,
      "participants": 0,
      "rallyUsers": 0,
      "revenueEth": 0,
      "revenueUsd": 0,
      "failedTxs": 0,
      "failedUsd": 0,
      "avgScore": 0,
      "approved": 0,
      "rejected": 0,
      "approvalRate": null,
      "prize": null,
      "remainDays": null,
      "isEnded": null,
      "ghostWallets": 0,
      "dailyRate": null,
      "projectedRevenue": null,
      "newParticipants": 0,
      "newRevenueUsd": 0
    },
    {
      "address": "0x91abf60462b771330457abc14c8085ae5d2b1788",
      "ic": null,
      "title": "0x91ab…1788",
      "creator": null,
      "participants": 0,
      "rallyUsers": 0,
      "revenueEth": 0,
      "revenueUsd": 0,
      "failedTxs": 0,
      "failedUsd": 0,
      "avgScore": 0,
      "approved": 0,
      "rejected": 0,
      "approvalRate": null,
      "prize": null,
      "remainDays": null,
      "isEnded": null,
      "ghostWallets": 0,
      "dailyRate": null,
      "projectedRevenue": null,
      "newParticipants": 0,
      "newRevenueUsd": 0
    },
    {
      "address": "0x2f0271f07781b844ad10cf749fba7c5b1c442de7",
      "ic": "0xad73b7b5b4b18038d6a46e0c5d55343dc3be96b1",
      "title": "0x2f02…2de7",
      "creator": null,
      "participants": 0,
      "rallyUsers": 0,
      "revenueEth": 0,
      "revenueUsd": 0,
      "failedTxs": 0,
      "failedUsd": 0,
      "avgScore": 0,
      "approved": 0,
      "rejected": 0,
      "approvalRate": null,
      "prize": null,
      "remainDays": null,
      "isEnded": null,
      "ghostWallets": 0,
      "dailyRate": null,
      "projectedRevenue": null,
      "newParticipants": 0,
      "newRevenueUsd": 0
    }
  ],
  "freeCampaigns": [
    {
      "title": "Grvt 2.5",
      "creator": "grvt_io",
      "remainDays": 13
    },
    {
      "title": "Code Runs, Disputes Don't. Enter Internet Court",
      "creator": "genlayer",
      "remainDays": 24
    },
    {
      "title": "RALLY BETA IS LIVE , SAY IT LOUD",
      "creator": "rallyonchain",