{
  "timestamp": "2026-03-03T11:02:48.131Z",
  "ethPrice": 1956.93,
  "feeCampaigns": [
    {
      "address": "0xa631c00ed87ed042eedd8bc2b34edd2798e64699",
      "chain": "base",
      "ic": "0xd7cd88650ec7366664c0ee235bfc841408d29efa",
      "title": "Argumentation Markets Are the Next Primitive",
      "creator": "arguedotfun",
      "participants": 256,
      "rallyUsers": 233,
      "revenueEth": 0.3101127996464857,
      "revenueUsd": 606.8690410121973,
      "failedTxs": 28,
      "failedUsd": 35.36367131529017,
      "avgScore": 1.3499026763990312,
      "approved": 411,
      "rejected": 0,
      "approvalRate": 0.8491735537190083,
      "prize": "450,000,000 ARGUE",
      "remainDays": 20,
      "isEnded": false,
      "ghostWallets": 23,
      "dailyRate": 127.28674696903036,
      "projectedRevenue": 3054.881927256729,
      "newParticipants": 0,
      "newRevenueUsd": 0
    },
    {
      "address": "0x28eda7a7e67da27d5e52f763ce9bfd6fdb31a745",
      "chain": "base",
      "ic": "0xfdf8c86f228a6b0c115ab9cf5c5b2f85b8778f0c",
      "title": "RALLY BETA IS LIVE , SAY IT LOUD",
      "creator": "rallyonchain",
      "participants": 393,
      "rallyUsers": 392,
      "revenueEth": 0.26230697392023267,
      "revenueUsd": 513.316386473721,
      "failedTxs": 16,
      "failedUsd": 20.093046191713547,
      "avgScore": 1.3240458015267182,
      "approved": 393,
      "rejected": 0,
      "approvalRate": 0.9562043795620438,
      "prize": "1,000 USDC",
      "remainDays": 6,
      "isEnded": false,
      "ghostWallets": 1,
      "dailyRate": 107.36028816220643,
      "projectedRevenue": 1180.9631697842708,
      "newParticipants": 0,
      "newRevenueUsd": 0
    },
    {
      "address": "0x3618a1ef4ecc8041655418042c7951ad7cdbdbb4",
      "chain": "base",
      "ic": "0x3ff8239acd75ad0da013ca52eaab535027bd7380",
      "title": "Grvt 2.5",
      "creator": "grvt_io",
      "participants": 291,
      "rallyUsers": 222,
      "revenueEth": 0.2342824148369325,
      "revenueUsd": 458.4742860668383,
      "failedTxs": 20,
      "failedUsd": 25.058637789625585,
      "avgScore": 2.1433783783783844,
      "approved": 222,
      "rejected": 0,
      "approvalRate": 0.6082191780821918,
      "prize": "5,000 USDT",
      "remainDays": 10,
      "isEnded": false,
      "ghostWallets": 69,
      "dailyRate": 98.23864062780079,
      "projectedRevenue": 1375.340968789211,
      "newParticipants": 0,
      "newRevenueUsd": 0
    },
    {
      "address": "0x4653fa360f40073e56acffe31f552fba14adf8b4",
      "chain": "zksync",
      "ic": "0x30f07a5a536323a2cecd99fef84cf088dbaa1531",
      "title": "zkSync Campaign 0x4653…f8b4",
      "creator": null,
      "participants": 1,
      "rallyUsers": 0,
      "revenueEth": 0.10136681576720323,
      "revenueUsd": 198.367762779313,
      "failedTxs": 0,
      "failedUsd": 0,
      "avgScore": 0,
      "approved": 0,
      "rejected": 0,
      "approvalRate": null,
      "prize": null,
      "remainDays": null,
      "isEnded": null,
      "ghostWallets": 1,
      "dailyRate": 517.6529366807239,
      "projectedRevenue": null,
      "newParticipants": 0,
      "newRevenueUsd": 1.1840381184606612
    },
    {
      "address": "0xb4c98221395ebb07e86498b827fc2866d58d4b7d",
      "chain": "base",
      "ic": "0xaf5a5b459f4371c1781e3b8456214cdd063eeba7",
      "title": "Code Runs, Disputes Don't. Enter Internet Court",
      "creator": "genlayer",
      "participants": 132,
      "rallyUsers": 126,
      "revenueEth": 0.0880902763688905,
      "revenueUsd": 172.38650453457288,
      "failedTxs": 8,
      "failedUsd": 10.007257478089048,
      "avgScore": 1.0429629629629626,
      "approved": 126,
      "rejected": 0,
      "approvalRate": 0.9333333333333333,
      "prize": "1,000 USDC",
      "remainDays": 21,
      "isEnded": false,
      "ghostWallets": 6,
      "dailyRate": 46.88220005291789,
      "projectedRevenue": 1125.1728012700294,
      "newParticipants": 0,
      "newRevenueUsd": 0
    },
    {
      "address": "0x4653fa360f40073e56acffe31f552fba14adf8b4",
      "chain": "base",
      "ic": null,
      "title": "0x4653…f8b4",
      "creator": null,
      "participants": 1,
      "rallyUsers": 0,
      "revenueEth": 0.06,
      "revenueUsd": 117.4158,
      "failedTxs": 0,
      "failedUsd": 0,
      "avgScore": 0,
      "approved": 0,
      "rejected": 0,
      "approvalRate": null,
      "prize": null,
      "remainDays": null,
      "isEnded": null,
      "ghostWallets": 1,
      "dailyRate": 22.139033330627477,
      "projectedRevenue": null,
      "newParticipants": 0,
      "newRevenueUsd": 0
    },
    {
      "address": "0x580bb20ac1b32ca6ad547a3cebb727df2cf4f5dd",
      "chain": "base",
      "ic": "0x34c19f6725a684b3e298c711ea6b32a0b6093e9a",
      "title": "BOTCHA: Prove You're Not a Human",
      "creator": "genlayer",
      "participants": 83,
      "rallyUsers": 80,
      "revenueEth": 0.05541833332027882,
      "revenueUsd": 108.44979902445323,
      "failedTxs": 7,
      "failedUsd": 8.762218888346581,
      "avgScore": 0.7102500000000002,
      "approved": 80,
      "rejected": 0,
      "approvalRate": 0.9195402298850575,
      "prize": "1,000 USDC",
      "remainDays": 22,
      "isEnded": false,
      "ghostWallets": 3,
      "dailyRate": 41.43185387825121,
      "projectedRevenue": 994.364493078029,
      "newParticipants": 0,
      "newRevenueUsd": 0
    },
    {
      "address": "0xba48dab75c908a1a8c23a83491bf677c46536844",
      "chain": "base",
      "ic": "0xfee8b7ea0b4976ac1014980be300f6efbda2b481",
      "title": "Fragments",
      "creator": "fragmentsorg",
      "participants": 8,
      "rallyUsers": 11,
      "revenueEth": 0.004942752352231615,
      "revenueUsd": 9.672620360652616,
      "failedTxs": 2,
      "failedUsd": 2.4214617820797932,
      "avgScore": 2.064545454545455,
      "approved": 11,
      "rejected": 0,
      "approvalRate": 1.375,
      "prize": "5,000 USDC",
      "remainDays": 28,
      "isEnded": false,
      "ghostWallets": 0,
      "dailyRate": 12.956409234838011,
      "projectedRevenue": 362.77945857546433,
      "newParticipants": 0,
      "newRevenueUsd": 0
    },
    {
      "address": "0x6134c8f8ba6d9dff558fa937daaab559543fde04",
      "chain": "base",
      "ic": "0x9ed594c010a2516312f4db64b500b2aa31d127cf",
      "title": "0x6134…de04",
      "creator": null,
      "participants": 3,
      "rallyUsers": 0,
      "revenueEth": 0.002484296382055222,
      "revenueUsd": 4.861594118935326,
      "failedTxs": 0,
      "failedUsd": 0,
      "avgScore": 0,
      "approved": 0,
      "rejected": 0,
      "approvalRate": null,
      "prize": null,
      "remainDays": null,
      "isEnded": null,
      "ghostWallets": 3,
      "dailyRate": 1.0145396253683012,
      "projectedRevenue": null,
      "newParticipants": 0,
      "newRevenueUsd": 0
    },
    {
      "address": "0x19f310fb027ae264e4f1b5116beb995462a045e1",
      "chain": "base",
      "ic": "0x1d68b125ae0d60f3d57fe0b320c674788cb8056a",
      "title": "MergeProof: Ship With Confidence",
      "creator": "genlayer",
      "participants": 4,
      "rallyUsers": 6,
      "revenueEth": 0.002472074622248665,
      "revenueUsd": 4.83767699051708,
      "failedTxs": 0,
      "failedUsd": 0,
      "avgScore": 0.5233333333333333,
      "approved": 6,
      "rejected": 0,
      "approvalRate": 1.5,
      "prize": "1,000 USDC",
      "remainDays": 28,
      "isEnded": false,
      "ghostWallets": 0,
      "dailyRate": 6.5914219050136,
      "projectedRevenue": 184.5598133403808,
      "newParticipants": 0,
      "newRevenueUsd": 0
    },
    {
      "address": "0xb071c021203849b19bb067300af36f57f6062671",
      "chain": "base",
      "ic": "0x901297c69e1c211f2d31370578b40c8e8f9bd09e",
      "title": "argue.fun",
      "creator": "arguedotfun",
      "participants": 2,
      "rallyUsers": 2,
      "revenueEth": 0.001302689941035015,
      "revenueUsd": 2.549273026309652,
      "failedTxs": 0,