{
  "timestamp": "2026-03-03T11:18:47.731Z",
  "ethPrice": 1958.48,
  "feeCampaigns": [
    {
      "address": "0xa631c00ed87ed042eedd8bc2b34edd2798e64699",
      "chain": "base",
      "ic": "0xd7cd88650ec7366664c0ee235bfc841408d29efa",
      "title": "0xa631…4699",
      "creator": null,
      "participants": 256,
      "rallyUsers": 256,
      "revenueEth": 0.3101127996464857,
      "revenueUsd": 607.3497158516493,
      "failedTxs": 28,
      "failedUsd": 35.39168135680351,
      "avgScore": 0,
      "approved": 484,
      "rejected": 0,
      "approvalRate": 1,
      "prize": null,
      "remainDays": null,
      "isEnded": null,
      "ghostWallets": 0,
      "dailyRate": 127.09188537546756,
      "projectedRevenue": null,
      "newParticipants": 0,
      "newRevenueUsd": 0
    },
    {
      "address": "0x28eda7a7e67da27d5e52f763ce9bfd6fdb31a745",
      "chain": "base",
      "ic": "0xfdf8c86f228a6b0c115ab9cf5c5b2f85b8778f0c",
      "title": "0x28ed…a745",
      "creator": null,
      "participants": 393,
      "rallyUsers": 393,
      "revenueEth": 0.26230697392023267,
      "revenueUsd": 513.7229622832973,
      "failedTxs": 16,
      "failedUsd": 20.108961028522813,
      "avgScore": 0,
      "approved": 411,
      "rejected": 0,
      "approvalRate": 1,
      "prize": null,
      "remainDays": null,
      "isEnded": null,
      "ghostWallets": 0,
      "dailyRate": 107.19663521950666,
      "projectedRevenue": null,
      "newParticipants": 0,
      "newRevenueUsd": 0
    },
    {
      "address": "0x3618a1ef4ecc8041655418042c7951ad7cdbdbb4",
      "chain": "base",
      "ic": "0x3ff8239acd75ad0da013ca52eaab535027bd7380",
      "title": "0x3618…dbb4",
      "creator": null,
      "participants": 291,
      "rallyUsers": 291,
      "revenueEth": 0.2342824148369325,
      "revenueUsd": 458.83742380983557,
      "failedTxs": 20,
      "failedUsd": 25.078485657752662,
      "avgScore": 0,
      "approved": 365,
      "rejected": 0,
      "approvalRate": 1,
      "prize": null,
      "remainDays": null,
      "isEnded": null,
      "ghostWallets": 0,
      "dailyRate": 98.08333182680167,
      "projectedRevenue": null,
      "newParticipants": 0,
      "newRevenueUsd": 0
    },
    {
      "address": "0x4653fa360f40073e56acffe31f552fba14adf8b4",
      "chain": "zksync",
      "ic": "0x30f07a5a536323a2cecd99fef84cf088dbaa1531",
      "title": "zkSync Era Campaign",
      "creator": "zkSync",
      "participants": 1,
      "rallyUsers": 1,
      "revenueEth": 0.10136681576720323,
      "revenueUsd": 198.52488134375218,
      "failedTxs": 0,
      "failedUsd": 0,
      "avgScore": 0,
      "approved": 10,
      "rejected": 0,
      "approvalRate": 1,
      "prize": null,
      "remainDays": null,
      "isEnded": null,
      "ghostWallets": 0,
      "dailyRate": 503.4891232164183,
      "projectedRevenue": null,
      "newParticipants": 0,
      "newRevenueUsd": 0
    },
    {
      "address": "0xb4c98221395ebb07e86498b827fc2866d58d4b7d",
      "chain": "base",
      "ic": "0xaf5a5b459f4371c1781e3b8456214cdd063eeba7",
      "title": "0xb4c9…4b7d",
      "creator": null,
      "participants": 132,
      "rallyUsers": 132,
      "revenueEth": 0.0880902763688905,
      "revenueUsd": 172.52304446294465,
      "failedTxs": 8,
      "failedUsd": 10.015183795888376,
      "avgScore": 0,
      "approved": 135,
      "rejected": 0,
      "approvalRate": 1,
      "prize": null,
      "remainDays": null,
      "isEnded": null,
      "ghostWallets": 0,
      "dailyRate": 46.778221321174044,
      "projectedRevenue": null,
      "newParticipants": 0,
      "newRevenueUsd": 0
    },
    {
      "address": "0x4653fa360f40073e56acffe31f552fba14adf8b4",
      "chain": "base",
      "ic": null,
      "title": "zkSync Era Campaign",
      "creator": "zkSync",
      "participants": 1,
      "rallyUsers": 1,
      "revenueEth": 0.06,
      "revenueUsd": 117.5088,
      "failedTxs": 0,
      "failedUsd": 0,
      "avgScore": 0,
      "approved": 1,
      "rejected": 0,
      "approvalRate": 1,
      "prize": null,
      "remainDays": null,
      "isEnded": null,
      "ghostWallets": 0,
      "dailyRate": 22.110326014490205,
      "projectedRevenue": null,
      "newParticipants": 0,
      "newRevenueUsd": 0
    },
    {
      "address": "0x580bb20ac1b32ca6ad547a3cebb727df2cf4f5dd",
      "chain": "base",
      "ic": "0x34c19f6725a684b3e298c711ea6b32a0b6093e9a",
      "title": "0x580b…f5dd",
      "creator": null,
      "participants": 83,
      "rallyUsers": 83,
      "revenueEth": 0.05541833332027882,
      "revenueUsd": 108.53569744109966,
      "failedTxs": 7,
      "failedUsd": 8.769159064682443,
      "avgScore": 0,
      "approved": 87,
      "rejected": 0,
      "approvalRate": 1,
      "prize": null,
      "remainDays": null,
      "isEnded": null,
      "ghostWallets": 0,
      "dailyRate": 41.28970042802977,
      "projectedRevenue": null,
      "newParticipants": 0,
      "newRevenueUsd": 0
    },
    {
      "address": "0xba48dab75c908a1a8c23a83491bf677c46536844",
      "chain": "base",
      "ic": "0xfee8b7ea0b4976ac1014980be300f6efbda2b481",
      "title": "0xba48…6844",
      "creator": null,
      "participants": 8,
      "rallyUsers": 8,
      "revenueEth": 0.004942752352231615,
      "revenueUsd": 9.680281626798575,
      "failedTxs": 2,
      "failedUsd": 2.423379717704585,
      "avgScore": 0,
      "approved": 8,
      "rejected": 0,
      "approvalRate": 1,
      "prize": null,
      "remainDays": null,
      "isEnded": null,
      "ghostWallets": 0,
      "dailyRate": 12.776834981718434,
      "projectedRevenue": null,
      "newParticipants": 0,
      "newRevenueUsd": 0
    },
    {
      "address": "0x6134c8f8ba6d9dff558fa937daaab559543fde04",
      "chain": "base",
      "ic": "0x9ed594c010a2516312f4db64b500b2aa31d127cf",
      "title": "0x6134…de04",
      "creator": null,
      "participants": 3,
      "rallyUsers": 3,
      "revenueEth": 0.002484296382055222,
      "revenueUsd": 4.865444778327511,
      "failedTxs": 0,
      "failedUsd": 0,
      "avgScore": 0,
      "approved": 4,
      "rejected": 0,
      "approvalRate": 1,
      "prize": null,
      "remainDays": null,
      "isEnded": null,
      "ghostWallets": 0,
      "dailyRate": 1.0129983494411923,
      "projectedRevenue": null,
      "newParticipants": 0,
      "newRevenueUsd": 0
    },
    {
      "address": "0x19f310fb027ae264e4f1b5116beb995462a045e1",
      "chain": "base",
      "ic": "0x1d68b125ae0d60f3d57fe0b320c674788cb8056a",
      "title": "0x19f3…45e1",
      "creator": null,
      "participants": 4,
      "rallyUsers": 4,
      "revenueEth": 0.002472074622248665,
      "revenueUsd": 4.841508706181565,
      "failedTxs": 0,
      "failedUsd": 0,
      "avgScore": 0,
      "approved": 4,
      "rejected": 0,
      "approvalRate": 1,
      "prize": null,
      "remainDays": null,
      "isEnded": null,
      "ghostWallets": 0,
      "dailyRate": 6.498430236031227,
      "projectedRevenue": null,
      "newParticipants": 0,
      "newRevenueUsd": 0
    },
    {
      "address": "0xb071c021203849b19bb067300af36f57f6062671",
      "chain": "base",
      "ic": "0x901297c69e1c211f2d31370578b40c8e8f9bd09e",
      "title": "0xb071…2671",
      "creator": null,
      "participants": 2,
      "rallyUsers": 2,
      "revenueEth": 0.001302689941035015,
      "revenueUsd": 2.5512921957182564,
      "failedTxs": 0,
      "failedUsd": 0,
      "avgScore": 0,
      "approved": 2,
      "rejected": 0,
      "approvalRate": 1,
      "prize": null,
      "remainDays": null,
      "isEnded": null,
      "ghostWallets": 0,
      "dailyRate": 0.7250650563162846,
      "projectedRevenue": null,
      "newParticipants": 0,
      "newRevenueUsd": 0
    },
    {
      "address": "0xf3020fd6b86d98129fe1dd1a81943c736739c64a",
      "chain": "base",
      "ic": "0x792946b568ded6ea340605ff44b6e9e497a93d6a",
      "title": "0xf302…c64a",
      "creator": null,
      "participants": 1,