{
  "timestamp": "2026-03-03T12:44:59.172Z",
  "ethPrice": 1965.39,
  "feeCampaigns": [
    {
      "address": "0x4653fa360f40073e56acffe31f552fba14adf8b4",
      "chain": "base",
      "ic": null,
      "title": "zkSync Era Campaign",
      "creator": "zkSync",
      "participants": 1,
      "rallyUsers": 0,
      "revenueEth": 0.994493201780456,
      "revenueUsd": 1954.5669938472904,
      "failedTxs": 0,
      "failedUsd": 0,
      "avgScore": 0,
      "approved": 0,
      "rejected": 0,
      "approvalRate": null,
      "prize": null,
      "remainDays": null,
      "isEnded": null,
      "ghostWallets": 1,
      "dailyRate": null,
      "projectedRevenue": null,
      "newParticipants": 0,
      "newRevenueUsd": 1836.6435938472903
    },
    {
      "address": "0xa631c00ed87ed042eedd8bc2b34edd2798e64699",
      "chain": "base",
      "ic": "0xd7cd88650ec7366664c0ee235bfc841408d29efa",
      "title": "Argumentation Markets Are the Next Primitive",
      "creator": "arguedotfun",
      "participants": 256,
      "rallyUsers": 0,
      "revenueEth": 0.3101127996464857,
      "revenueUsd": 609.4925952972065,
      "failedTxs": 28,
      "failedUsd": 35.516551928969434,
      "avgScore": 0,
      "approved": 0,
      "rejected": 0,
      "approvalRate": null,
      "prize": "450,000,000 ARGUE",
      "remainDays": 20,
      "isEnded": false,
      "ghostWallets": 256,
      "dailyRate": 125.97113795597167,
      "projectedRevenue": 3023.30731094332,
      "newParticipants": 0,
      "newRevenueUsd": 0
    },
    {
      "address": "0x28eda7a7e67da27d5e52f763ce9bfd6fdb31a745",
      "chain": "base",
      "ic": "0xfdf8c86f228a6b0c115ab9cf5c5b2f85b8778f0c",
      "title": "RALLY BETA IS LIVE , SAY IT LOUD",
      "creator": "rallyonchain",
      "participants": 393,
      "rallyUsers": 400,
      "revenueEth": 0.26230697392023267,
      "revenueUsd": 515.5355034730861,
      "failedTxs": 16,
      "failedUsd": 20.179910397782184,
      "avgScore": 1.326069651741294,
      "approved": 402,
      "rejected": 0,
      "approvalRate": 0.9781021897810219,
      "prize": "1,000 USDC",
      "remainDays": 6,
      "isEnded": false,
      "ghostWallets": 0,
      "dailyRate": 106.25501978140328,
      "projectedRevenue": 1168.805217595436,
      "newParticipants": 0,
      "newRevenueUsd": 0
    },
    {
      "address": "0x3618a1ef4ecc8041655418042c7951ad7cdbdbb4",
      "chain": "base",
      "ic": "0x3ff8239acd75ad0da013ca52eaab535027bd7380",
      "title": "Grvt 2.5",
      "creator": "grvt_io",
      "participants": 291,
      "rallyUsers": 232,
      "revenueEth": 0.2342824148369325,
      "revenueUsd": 460.45631529635875,
      "failedTxs": 20,
      "failedUsd": 25.16696873437079,
      "avgScore": 2.1329741379310407,
      "approved": 232,
      "rejected": 0,
      "approvalRate": 0.6356164383561644,
      "prize": "5,000 USDT",
      "remainDays": 10,
      "isEnded": false,
      "ghostWallets": 59,
      "dailyRate": 97.19263066354452,
      "projectedRevenue": 1360.6968292896233,
      "newParticipants": 0,
      "newRevenueUsd": 0
    },
    {
      "address": "0xb4c98221395ebb07e86498b827fc2866d58d4b7d",
      "chain": "base",
      "ic": "0xaf5a5b459f4371c1781e3b8456214cdd063eeba7",
      "title": "Code Runs, Disputes Don't. Enter Internet Court",
      "creator": "genlayer",
      "participants": 132,
      "rallyUsers": 139,
      "revenueEth": 0.0880902763688905,
      "revenueUsd": 173.1317482726537,
      "failedTxs": 8,
      "failedUsd": 10.050519832013121,
      "avgScore": 1.0561151079136692,
      "approved": 139,
      "rejected": 0,
      "approvalRate": 1.0296296296296297,
      "prize": "1,000 USDC",
      "remainDays": 21,
      "isEnded": false,
      "ghostWallets": 0,
      "dailyRate": 46.19761975581183,
      "projectedRevenue": 1108.7428741394838,
      "newParticipants": 0,
      "newRevenueUsd": 0
    },
    {
      "address": "0x580bb20ac1b32ca6ad547a3cebb727df2cf4f5dd",
      "chain": "base",
      "ic": "0x34c19f6725a684b3e298c711ea6b32a0b6093e9a",
      "title": "BOTCHA: Prove You're Not a Human",
      "creator": "genlayer",
      "participants": 83,
      "rallyUsers": 87,
      "revenueEth": 0.05541833332027882,
      "revenueUsd": 108.91863812434279,
      "failedTxs": 7,
      "failedUsd": 8.800098818541025,
      "avgScore": 0.7112068965517242,
      "approved": 87,
      "rejected": 0,
      "approvalRate": 1,
      "prize": "1,000 USDC",
      "remainDays": 22,
      "isEnded": false,
      "ghostWallets": 0,
      "dailyRate": 40.517825582818624,
      "projectedRevenue": 972.4278139876469,
      "newParticipants": 0,
      "newRevenueUsd": 0
    },
    {
      "address": "0xba48dab75c908a1a8c23a83491bf677c46536844",
      "chain": "base",
      "ic": "0xfee8b7ea0b4976ac1014980be300f6efbda2b481",
      "title": "Fragments",
      "creator": "fragmentsorg",
      "participants": 8,
      "rallyUsers": 34,
      "revenueEth": 0.004942752352231615,
      "revenueUsd": 9.714436045552494,
      "failedTxs": 2,
      "failedUsd": 2.4319299984576888,
      "avgScore": 2.1666666666666674,
      "approved": 36,
      "rejected": 0,
      "approvalRate": 4.5,
      "prize": "5,000 USDC",
      "remainDays": 28,
      "isEnded": false,
      "ghostWallets": 0,
      "dailyRate": 11.887892900091229,
      "projectedRevenue": 332.8610012025544,
      "newParticipants": 0,
      "newRevenueUsd": 0
    },
    {
      "address": "0x6134c8f8ba6d9dff558fa937daaab559543fde04",
      "chain": "base",
      "ic": "0x9ed594c010a2516312f4db64b500b2aa31d127cf",
      "title": "0x6134…de04",
      "creator": null,
      "participants": 3,
      "rallyUsers": 3,
      "revenueEth": 0.002484296382055222,
      "revenueUsd": 4.882611266327513,
      "failedTxs": 0,
      "failedUsd": 0,
      "avgScore": 0,
      "approved": 4,
      "rejected": 0,
      "approvalRate": 1,
      "prize": null,
      "remainDays": null,
      "isEnded": null,
      "ghostWallets": 0,
      "dailyRate": 1.0041275416921585,
      "projectedRevenue": null,
      "newParticipants": 0,
      "newRevenueUsd": 0
    },
    {
      "address": "0x19f310fb027ae264e4f1b5116beb995462a045e1",
      "chain": "base",
      "ic": "0x1d68b125ae0d60f3d57fe0b320c674788cb8056a",
      "title": "MergeProof: Ship With Confidence",
      "creator": "genlayer",
      "participants": 4,
      "rallyUsers": 15,
      "revenueEth": 0.002472074622248665,
      "revenueUsd": 4.8585907418213035,
      "failedTxs": 0,
      "failedUsd": 0,
      "avgScore": 0.5858333333333333,
      "approved": 16,
      "rejected": 0,
      "approvalRate": 4,
      "prize": "1,000 USDC",
      "remainDays": 28,
      "isEnded": false,
      "ghostWallets": 0,
      "dailyRate": 6.038856088307184,
      "projectedRevenue": 169.08797047260114,
      "newParticipants": 0,
      "newRevenueUsd": 0
    },
    {
      "address": "0xb071c021203849b19bb067300af36f57f6062671",
      "chain": "base",
      "ic": "0x901297c69e1c211f2d31370578b40c8e8f9bd09e",
      "title": "argue.fun",
      "creator": "arguedotfun",
      "participants": 2,
      "rallyUsers": 3,
      "revenueEth": 0.001302689941035015,
      "revenueUsd": 2.5602937832108084,
      "failedTxs": 0,
      "failedUsd": 0,
      "avgScore": 1.0777777777777777,
      "approved": 3,
      "rejected": 0,
      "approvalRate": 1.5,
      "prize": "450,000,000 ARGUE",
      "remainDays": 68,
      "isEnded": false,
      "ghostWallets": 0,
      "dailyRate": 0.7155185498448084,
      "projectedRevenue": 51.51733558882621,
      "newParticipants": 0,
      "newRevenueUsd": 0
    },
    {
      "address": "0xf3020fd6b86d98129fe1dd1a81943c736739c64a",
      "chain": "base",
      "ic": "0x792946b568ded6ea340605ff44b6e9e497a93d6a",
      "title": "0xf302…c64a",
      "creator": null,
      "participants": 1,
      "rallyUsers": 1,
      "revenueEth": 0.000609720899043859,
      "revenueUsd": 1.1983393577718102,
      "failedTxs": 0,