{
  "timestamp": "2026-03-03T13:25:01.006Z",
  "ethPrice": 1957.97,
  "feeCampaigns": [
    {
      "address": "0xa631c00ed87ed042eedd8bc2b34edd2798e64699",
      "chain": "base",
      "ic": "0xd7cd88650ec7366664c0ee235bfc841408d29efa",
      "title": "Argumentation Markets Are the Next Primitive",
      "creator": "arguedotfun",
      "participants": 256,
      "rallyUsers": 252,
      "revenueEth": 0.3101127996464857,
      "revenueUsd": 607.1915583238296,
      "failedTxs": 28,
      "failedUsd": 35.382465149595895,
      "avgScore": 1.3511036036036077,
      "approved": 444,
      "rejected": 0,
      "approvalRate": 0.9173553719008265,
      "prize": "450,000,000 ARGUE",
      "remainDays": 20,
      "isEnded": false,
      "ghostWallets": 4,
      "dailyRate": 124.77958368004333,
      "projectedRevenue": 2994.71000832104,
      "newParticipants": 0,
      "newRevenueUsd": 0
    },
    {
      "address": "0x28eda7a7e67da27d5e52f763ce9bfd6fdb31a745",
      "chain": "base",
      "ic": "0xfdf8c86f228a6b0c115ab9cf5c5b2f85b8778f0c",
      "title": "RALLY BETA IS LIVE , SAY IT LOUD",
      "creator": "rallyonchain",
      "participants": 393,
      "rallyUsers": 400,
      "revenueEth": 0.26230697392023267,
      "revenueUsd": 513.589185726598,
      "failedTxs": 16,
      "failedUsd": 20.103724533830732,
      "avgScore": 1.326069651741294,
      "approved": 402,
      "rejected": 0,
      "approvalRate": 0.9781021897810219,
      "prize": "1,000 USDC",
      "remainDays": 6,
      "isEnded": false,
      "ghostWallets": 0,
      "dailyRate": 105.25163229366011,
      "projectedRevenue": 1157.7679552302611,
      "newParticipants": 0,
      "newRevenueUsd": 0
    },
    {
      "address": "0x3618a1ef4ecc8041655418042c7951ad7cdbdbb4",
      "chain": "base",
      "ic": "0x3ff8239acd75ad0da013ca52eaab535027bd7380",
      "title": "Grvt 2.5",
      "creator": "grvt_io",
      "participants": 291,
      "rallyUsers": 232,
      "revenueEth": 0.2342824148369325,
      "revenueUsd": 458.7179397782687,
      "failedTxs": 20,
      "failedUsd": 25.071955068885043,
      "avgScore": 2.1329741379310407,
      "approved": 232,
      "rejected": 0,
      "approvalRate": 0.6356164383561644,
      "prize": "5,000 USDT",
      "remainDays": 10,
      "isEnded": false,
      "ghostWallets": 59,
      "dailyRate": 96.26160733261992,
      "projectedRevenue": 1347.662502656679,
      "newParticipants": 0,
      "newRevenueUsd": 0
    },
    {
      "address": "0xb4c98221395ebb07e86498b827fc2866d58d4b7d",
      "chain": "base",
      "ic": "0xaf5a5b459f4371c1781e3b8456214cdd063eeba7",
      "title": "Code Runs, Disputes Don't. Enter Internet Court",
      "creator": "genlayer",
      "participants": 132,
      "rallyUsers": 140,
      "revenueEth": 0.0880902763688905,
      "revenueUsd": 172.47811842199653,
      "failedTxs": 8,
      "failedUsd": 10.012575781644726,
      "avgScore": 1.0554285714285716,
      "approved": 140,
      "rejected": 0,
      "approvalRate": 1.037037037037037,
      "prize": "1,000 USDC",
      "remainDays": 21,
      "isEnded": false,
      "ghostWallets": 0,
      "dailyRate": 45.68478220931916,
      "projectedRevenue": 1096.4347730236598,
      "newParticipants": 0,
      "newRevenueUsd": 0
    },
    {
      "address": "0xe9f3778b407e316074484bacf35c17f2a5058da9",
      "chain": "base",
      "ic": "0xb98feb296b811443ab9f845ad22105b8f8cc1d7e",
      "title": "Share, Refer, Earn Forever",
      "creator": "rallyonchain",
      "participants": 106,
      "rallyUsers": 104,
      "revenueEth": 0.07487179481438583,
      "revenueUsd": 146.59672809272303,
      "failedTxs": 8,
      "failedUsd": 10.442732314747998,
      "avgScore": 0.7911538461538463,
      "approved": 104,
      "rejected": 0,
      "approvalRate": 0.9043478260869565,
      "prize": "50,000 RLP",
      "remainDays": 25,
      "isEnded": false,
      "ghostWallets": 2,
      "dailyRate": 38.829264802613494,
      "projectedRevenue": 1087.219414473178,
      "newParticipants": 106,
      "newRevenueUsd": 146.59672809272303
    },
    {
      "address": "0x580bb20ac1b32ca6ad547a3cebb727df2cf4f5dd",
      "chain": "base",
      "ic": "0x34c19f6725a684b3e298c711ea6b32a0b6093e9a",
      "title": "BOTCHA: Prove You're Not a Human",
      "creator": "genlayer",
      "participants": 83,
      "rallyUsers": 88,
      "revenueEth": 0.05541833332027882,
      "revenueUsd": 108.50743409110632,
      "failedTxs": 7,
      "failedUsd": 8.766875522791288,
      "avgScore": 0.7123295454545455,
      "approved": 88,
      "rejected": 0,
      "approvalRate": 1.0114942528735633,
      "prize": "1,000 USDC",
      "remainDays": 22,
      "isEnded": false,
      "ghostWallets": 0,
      "dailyRate": 39.952252119688964,
      "projectedRevenue": 958.8540508725351,
      "newParticipants": 0,
      "newRevenueUsd": 0
    },
    {
      "address": "0xb2a82ae1f05fc293b2ecc1f288a77138f0c123f7",
      "chain": "zksync",
      "ic": "0x67b1c3288ce37f63b9c86ee4e0f5dd64f8c19377",
      "title": "The Bank Stack of Ethereum: Combining Institutional Privacy ",
      "creator": "zksync",
      "participants": 9,
      "rallyUsers": 40,
      "revenueEth": 0.00635301224051809,
      "revenueUsd": 12.439007376567204,
      "failedTxs": 0,
      "failedUsd": 0,
      "avgScore": 0.6243169398907108,
      "approved": 61,
      "rejected": 0,
      "approvalRate": 6.1,
      "prize": "126,755 ZK",
      "remainDays": 13,
      "isEnded": false,
      "ghostWallets": 0,
      "dailyRate": null,
      "projectedRevenue": null,
      "newParticipants": 9,
      "newRevenueUsd": 12.439007376567204
    },
    {
      "address": "0xba48dab75c908a1a8c23a83491bf677c46536844",
      "chain": "base",
      "ic": "0xfee8b7ea0b4976ac1014980be300f6efbda2b481",
      "title": "Fragments",
      "creator": "fragmentsorg",
      "participants": 8,
      "rallyUsers": 36,
      "revenueEth": 0.004942752352231615,
      "revenueUsd": 9.677760823098936,
      "failedTxs": 2,
      "failedUsd": 2.422748655015137,
      "avgScore": 2.1592105263157904,
      "approved": 38,
      "rejected": 0,
      "approvalRate": 4.75,
      "prize": "5,000 USDC",
      "remainDays": 28,
      "isEnded": false,
      "ghostWallets": 0,
      "dailyRate": 11.453886657496547,
      "projectedRevenue": 320.7088264099033,
      "newParticipants": 0,
      "newRevenueUsd": 0
    },
    {
      "address": "0x19f310fb027ae264e4f1b5116beb995462a045e1",
      "chain": "base",
      "ic": "0x1d68b125ae0d60f3d57fe0b320c674788cb8056a",
      "title": "MergeProof: Ship With Confidence",
      "creator": "genlayer",
      "participants": 4,
      "rallyUsers": 15,
      "revenueEth": 0.002472074622248665,
      "revenueUsd": 4.840247948124218,
      "failedTxs": 0,
      "failedUsd": 0,
      "avgScore": 0.5858333333333333,
      "approved": 16,
      "rejected": 0,
      "approvalRate": 4,
      "prize": "1,000 USDC",
      "remainDays": 28,
      "isEnded": false,
      "ghostWallets": 0,
      "dailyRate": 5.8153918311671,
      "projectedRevenue": 162.8309712726788,
      "newParticipants": 0,
      "newRevenueUsd": 0
    },
    {
      "address": "0xb071c021203849b19bb067300af36f57f6062671",
      "chain": "base",
      "ic": "0x901297c69e1c211f2d31370578b40c8e8f9bd09e",
      "title": "argue.fun",
      "creator": "arguedotfun",
      "participants": 2,
      "rallyUsers": 3,
      "revenueEth": 0.001302689941035015,
      "revenueUsd": 2.550627823848328,
      "failedTxs": 0,
      "failedUsd": 0,
      "avgScore": 1.0777777777777777,
      "approved": 3,
      "rejected": 0,
      "approvalRate": 1.5,
      "prize": "450,000,000 ARGUE",
      "remainDays": 68,
      "isEnded": false,
      "ghostWallets": 0,
      "dailyRate": 0.7073293786833228,
      "projectedRevenue": 50.92771526519924,
      "newParticipants": 0,
      "newRevenueUsd": 0
    }
  ],
  "freeCampaigns": [
    {
      "title": "Grvt 2.5",
      "creator": "grvt_io",