{
  "timestamp": "2026-03-03T11:28:40.225Z",
  "ethPrice": 1959.51,
  "feeCampaigns": [
    {
      "address": "0xa631c00ed87ed042eedd8bc2b34edd2798e64699",
      "chain": "base",
      "ic": "0xd7cd88650ec7366664c0ee235bfc841408d29efa",
      "title": "Argumentation Markets Are the Next Primitive",
      "creator": "arguedotfun",
      "participants": 256,
      "rallyUsers": 237,
      "revenueEth": 0.3101127996464857,
      "revenueUsd": 607.6691320352852,
      "failedTxs": 28,
      "failedUsd": 35.41029448116399,
      "avgScore": 1.3509775641025679,
      "approved": 416,
      "rejected": 0,
      "approvalRate": 0.859504132231405,
      "prize": "450,000,000 ARGUE",
      "remainDays": 20,
      "isEnded": false,
      "ghostWallets": 19,
      "dailyRate": 126.97763724281634,
      "projectedRevenue": 3047.463293827592,
      "newParticipants": 0,
      "newRevenueUsd": 0
    },
    {
      "address": "0x28eda7a7e67da27d5e52f763ce9bfd6fdb31a745",
      "chain": "base",
      "ic": "0xfdf8c86f228a6b0c115ab9cf5c5b2f85b8778f0c",
      "title": "RALLY BETA IS LIVE , SAY IT LOUD",
      "creator": "rallyonchain",
      "participants": 393,
      "rallyUsers": 396,
      "revenueEth": 0.26230697392023267,
      "revenueUsd": 513.9931384664351,
      "failedTxs": 16,
      "failedUsd": 20.119536694273485,
      "avgScore": 1.3251005025125633,
      "approved": 398,
      "rejected": 0,
      "approvalRate": 0.9683698296836983,
      "prize": "1,000 USDC",
      "remainDays": 6,
      "isEnded": false,
      "ghostWallets": 0,
      "dailyRate": 107.10070199339023,
      "projectedRevenue": 1178.1077219272925,
      "newParticipants": 0,
      "newRevenueUsd": 0
    },
    {
      "address": "0x3618a1ef4ecc8041655418042c7951ad7cdbdbb4",
      "chain": "base",
      "ic": "0x3ff8239acd75ad0da013ca52eaab535027bd7380",
      "title": "Grvt 2.5",
      "creator": "grvt_io",
      "participants": 291,
      "rallyUsers": 224,
      "revenueEth": 0.2342824148369325,
      "revenueUsd": 459.07873469711757,
      "failedTxs": 20,
      "failedUsd": 25.091674886250008,
      "avgScore": 2.1392410714285774,
      "approved": 224,
      "rejected": 0,
      "approvalRate": 0.6136986301369863,
      "prize": "5,000 USDT",
      "remainDays": 10,
      "isEnded": false,
      "ghostWallets": 67,
      "dailyRate": 97.99215407593616,
      "projectedRevenue": 1371.8901570631062,
      "newParticipants": 0,
      "newRevenueUsd": 0
    },
    {
      "address": "0xb4c98221395ebb07e86498b827fc2866d58d4b7d",
      "chain": "base",
      "ic": "0xaf5a5b459f4371c1781e3b8456214cdd063eeba7",
      "title": "Code Runs, Disputes Don't. Enter Internet Court",
      "creator": "genlayer",
      "participants": 132,
      "rallyUsers": 132,
      "revenueEth": 0.0880902763688905,
      "revenueUsd": 172.6137774476046,
      "failedTxs": 8,
      "failedUsd": 10.020450961909864,
      "avgScore": 1.0491919191919188,
      "approved": 132,
      "rejected": 0,
      "approvalRate": 0.9777777777777777,
      "prize": "1,000 USDC",
      "remainDays": 21,
      "isEnded": false,
      "ghostWallets": 0,
      "dailyRate": 46.716495085924315,
      "projectedRevenue": 1121.1958820621835,
      "newParticipants": 0,
      "newRevenueUsd": 0
    },
    {
      "address": "0x4653fa360f40073e56acffe31f552fba14adf8b4",
      "chain": "base",
      "ic": null,
      "title": "0x4653…f8b4",
      "creator": null,
      "participants": 1,
      "rallyUsers": 1,
      "revenueEth": 0.06,
      "revenueUsd": 117.5706,
      "failedTxs": 0,
      "failedUsd": 0,
      "avgScore": 0,
      "approved": 1,
      "rejected": 0,
      "approvalRate": 1,
      "prize": null,
      "remainDays": null,
      "isEnded": null,
      "ghostWallets": 0,
      "dailyRate": 22.093622364053996,
      "projectedRevenue": null,
      "newParticipants": 0,
      "newRevenueUsd": 0
    },
    {
      "address": "0x580bb20ac1b32ca6ad547a3cebb727df2cf4f5dd",
      "chain": "base",
      "ic": "0x34c19f6725a684b3e298c711ea6b32a0b6093e9a",
      "title": "BOTCHA: Prove You're Not a Human",
      "creator": "genlayer",
      "participants": 83,
      "rallyUsers": 83,
      "revenueEth": 0.05541833332027882,
      "revenueUsd": 108.59277832441954,
      "failedTxs": 7,
      "failedUsd": 8.77377092379595,
      "avgScore": 0.713132530120482,
      "approved": 83,
      "rejected": 0,
      "approvalRate": 0.9540229885057471,
      "prize": "1,000 USDC",
      "remainDays": 22,
      "isEnded": false,
      "ghostWallets": 0,
      "dailyRate": 41.20458419727343,
      "projectedRevenue": 988.9100207345623,
      "newParticipants": 0,
      "newRevenueUsd": 0
    },
    {
      "address": "0xba48dab75c908a1a8c23a83491bf677c46536844",
      "chain": "base",
      "ic": "0xfee8b7ea0b4976ac1014980be300f6efbda2b481",
      "title": "Fragments",
      "creator": "fragmentsorg",
      "participants": 8,
      "rallyUsers": 13,
      "revenueEth": 0.004942752352231615,
      "revenueUsd": 9.685372661721372,
      "failedTxs": 2,
      "failedUsd": 2.4246542168617045,
      "avgScore": 2.044615384615385,
      "approved": 13,
      "rejected": 0,
      "approvalRate": 1.625,
      "prize": "5,000 USDC",
      "remainDays": 28,
      "isEnded": false,
      "ghostWallets": 0,
      "dailyRate": 12.669586973747506,
      "projectedRevenue": 354.7484352649302,
      "newParticipants": 0,
      "newRevenueUsd": 0
    },
    {
      "address": "0x6134c8f8ba6d9dff558fa937daaab559543fde04",
      "chain": "base",
      "ic": "0x9ed594c010a2516312f4db64b500b2aa31d127cf",
      "title": "0x6134…de04",
      "creator": null,
      "participants": 3,
      "rallyUsers": 3,
      "revenueEth": 0.002484296382055222,
      "revenueUsd": 4.868003603601029,
      "failedTxs": 0,
      "failedUsd": 0,
      "avgScore": 0,
      "approved": 4,
      "rejected": 0,
      "approvalRate": 1,
      "prize": null,
      "remainDays": null,
      "isEnded": null,
      "ghostWallets": 0,
      "dailyRate": 1.0120949825980223,
      "projectedRevenue": null,
      "newParticipants": 0,
      "newRevenueUsd": 0
    },
    {
      "address": "0x19f310fb027ae264e4f1b5116beb995462a045e1",
      "chain": "base",
      "ic": "0x1d68b125ae0d60f3d57fe0b320c674788cb8056a",
      "title": "MergeProof: Ship With Confidence",
      "creator": "genlayer",
      "participants": 4,
      "rallyUsers": 10,
      "revenueEth": 0.002472074622248665,
      "revenueUsd": 4.844054943042481,
      "failedTxs": 0,
      "failedUsd": 0,
      "avgScore": 0.5743333333333334,
      "approved": 10,
      "rejected": 0,
      "approvalRate": 2.5,
      "prize": "1,000 USDC",
      "remainDays": 28,
      "isEnded": false,
      "ghostWallets": 0,
      "dailyRate": 6.442910151182265,
      "projectedRevenue": 180.40148423310342,
      "newParticipants": 0,
      "newRevenueUsd": 0
    },
    {
      "address": "0xb071c021203849b19bb067300af36f57f6062671",
      "chain": "base",
      "ic": "0x901297c69e1c211f2d31370578b40c8e8f9bd09e",
      "title": "argue.fun",
      "creator": "arguedotfun",
      "participants": 2,
      "rallyUsers": 2,
      "revenueEth": 0.001302689941035015,
      "revenueUsd": 2.552633966357522,
      "failedTxs": 0,
      "failedUsd": 0,
      "avgScore": 0.9416666666666667,
      "approved": 2,
      "rejected": 0,
      "approvalRate": 1,
      "prize": "450,000,000 ARGUE",
      "remainDays": 68,
      "isEnded": false,
      "ghostWallets": 0,
      "dailyRate": 0.7240440024559459,
      "projectedRevenue": 52.131168176828105,
      "newParticipants": 0,
      "newRevenueUsd": 0
    },
    {
      "address": "0xf3020fd6b86d98129fe1dd1a81943c736739c64a",
      "chain": "base",
      "ic": "0x792946b568ded6ea340605ff44b6e9e497a93d6a",
      "title": "0xf302…c64a",
      "creator": null,
      "participants": 1,
      "rallyUsers": 1,
      "revenueEth": 0.000609720899043859,
      "revenueUsd": 1.1947541988854322,
      "failedTxs": 0,